JoinID,ReleaseYear,markersource,M1.loc,M2.loc,FMC,FSM,FWM,SSM,SWM,FMC.circ,smolt.circ,marine.circ,total.circ,FSM.circ,FWM.circ,SSM.circ,SWM.circ,FS.circ,FW.circ,PS.circ,SS.circ,SW.circ,Y2.circ,M1,M2,smolt.incr,marine.incr,total.incr,FS.incr,FW.incr,PS.incr,SS.incr,SW.incr,Y2.incr
1975_18679,1975,human,3.3169,4.743,1.6006,2.363,3.277,4.4509,4.743,53,52,59,111,67,84,101,108,15,17,32,17,7,24,84,108,1.5020000000000002,3.3377,4.839700000000001,0.8760999999999999,0.8914,1.7674999999999998,1.134,0.29210000000000047,1.4261000000000004
1975_19817,1975,human,2.8498,4.1126,1.2419,2.1482,2.8498,3.6992,4.0348,52,51,56,107,67,81,96,102,16,14,30,15,8,23,81,104,1.1357,3.0508000000000006,4.1865000000000006,0.9461000000000002,0.6997,1.6458000000000002,0.911,0.35179999999999945,1.2627999999999995
1975_21385,1975,human,2.6589,4.4112,1.2649,2.2568,2.5204,4.0262,4.3259,41,40,63,103,59,65,91,98,19,9,28,23,10,33,68,101,1.1701,3.2975999999999996,4.4677,1.0184000000000002,0.4020999999999999,1.4205,1.3673000000000002,0.42849999999999966,1.7957999999999998
1975_23318,1975,human,3.1154,4.7955,1.4487,2.2792,2.7419,3.7564,4.7594,45,44,70,114,59,68,88,109,15,18,33,11,22,33,77,110,1.2306,3.5382999999999996,4.7688999999999995,0.8759999999999999,0.8362000000000003,1.7122000000000002,0.641,1.0390999999999995,1.6800999999999995
1975_23345,1975,human,2.6181,3.5926,1.1811,1.9242,2.5366,3.2551,3.5565,31,30,54,84,45,60,73,80,15,17,32,11,8,19,62,81,0.9355,2.5886000000000005,3.5241000000000002,0.7847999999999999,0.6939000000000002,1.4787000000000001,0.637,0.3374999999999999,0.9744999999999999
1975_24199,1975,human,2.3169,3.5038,1.2741,1.7614,2.2297,3.1359,3.4639,44,43,50,93,52,63,80,88,9,14,23,14,9,23,66,89,1.2134,2.3865,3.5999,0.4892000000000001,0.6048,1.094,0.7696999999999998,0.36960000000000015,1.1393
1975_71218,1975,human,3.07,4.0352,1.3842,2.2015,3.07,3.3393,4.0352,50,49,53,102,65,82,86,98,16,17,33,4,12,16,82,98,1.2761,2.8670999999999998,4.1432,0.9082999999999999,0.8153999999999999,1.7236999999999998,0.35530000000000017,0.6079999999999997,0.9632999999999998
1975_72611,1975,human,2.613,3.7905,0.9595,1.5852,2.4366,3.362,3.5971,29,28,62,90,39,56,74,79,11,21,32,14,10,24,60,84,0.7331,3.0688,3.8019,0.6265,1.0278,1.6543,0.7490000000000001,0.4285000000000001,1.1775000000000002
1975_73541,1975,human,2.8845,4.487,1.3635,2.0595,2.454,3.9825,4.4889,55,54,66,120,69,77,103,114,15,17,32,17,11,28,86,114,1.2706,3.4193000000000007,4.689900000000001,0.7263,0.8250000000000002,1.5513000000000001,1.0979999999999999,0.5064000000000002,1.6044
1975_74785,1975,human,3.4301,5.1386,1.5283,2.3873,3.2121,4.3536,5.1386,44,43,67,110,58,72,91,106,15,18,33,15,15,30,76,106,1.4165,3.8179999999999996,5.2345,0.9574999999999998,0.9746000000000001,1.9321,0.9936000000000003,0.7130000000000001,1.7066000000000003
1975_74788,1975,human,2.7873,4.145,1.2704,1.881,2.7873,3.3296,4.1469,45,44,65,109,58,79,90,108,14,21,35,11,18,29,79,108,1.1764,2.9409,4.1173,0.6428,0.9063000000000001,1.5491000000000001,0.5423,0.8172999999999995,1.3595999999999995
1975_74907,1975,human,2.5657,3.8931,1.043,1.7168,2.5657,3.3223,3.9253,33,32,54,86,44,59,73,86,12,15,27,14,12,26,59,85,0.9196999999999999,2.9203,3.84,0.7118000000000002,0.8489,1.5607000000000002,0.8153999999999999,0.512,1.3274
1975_76203,1975,human,2.7944,4.6769,1.1811,2.1176,2.6996000000000002,3.6607,4.5043,46,45,67,112,64,74,90,104,19,12,31,14,18,32,76,108,1.1109,3.6778000000000004,4.7887,1.0104,0.6238000000000001,1.6342,0.9459,0.9365999999999999,1.8824999999999998
1975_76602,1975,human,2.7206,4.0686,1.4162,2.0381,2.5348,3.4221,4.0686,49,48,63,111,62,74,92,107,14,17,31,13,15,28,79,107,1.2997,2.8371000000000004,4.1368,0.6493,0.6825000000000001,1.3318,0.7014999999999998,0.6465000000000001,1.3479999999999999
1975_76848,1975,human,2.8003,4.7133,1.3727,2.1291,2.8003,3.6724,4.7133,40,39,57,96,51,63,77,95,12,12,24,14,18,32,63,95,1.2646,3.3842,4.6488,0.7583000000000002,0.6715,1.4298000000000002,0.9400999999999997,0.9726000000000004,1.9127
1975_77465,1975,human,2.7153,4.5622,1.3766,2.2356,2.6736,4.0029,4.3423,41,40,60,100,55,63,86,91,15,10,25,21,10,31,65,96,1.1762,3.4302,4.606400000000001,0.8972,0.5381999999999998,1.4353999999999998,1.2932000000000006,0.49489999999999945,1.7881
1975_77601,1975,human,3.5002,5.127,1.6572,2.7341,3.066,4.4747,5.091,58,57,67,124,76,82,104,117,19,14,33,14,14,28,90,118,1.5548,3.758,5.3128,1.1224000000000003,0.7660999999999998,1.8885,0.9745000000000004,0.6522999999999994,1.6267999999999998
1975_78695,1975,human,2.9334,4.566,1.3292,2.3399,2.9334,4.0958,4.5262,43,42,61,103,60,72,90,99,18,12,30,18,10,28,72,100,1.1869999999999998,3.4093,4.596299999999999,1.0459000000000003,0.5923999999999996,1.6382999999999999,1.1639,0.47060000000000013,1.6345
1975_79319,1975,human,2.6111,4.2969,1.4449,1.919,2.5713,3.6617,3.9613,35,34,54,88,42,54,70,76,8,13,21,15,13,28,55,83,1.3312,3.1534000000000004,4.4846,0.5655000000000001,0.6517999999999999,1.2173,1.0506000000000002,0.6834000000000002,1.7340000000000004
1975_79809,1975,human,2.939,4.346,1.4676,2.3967,2.939,4.0938,4.3081,53,52,60,112,69,81,101,106,17,12,29,20,6,26,81,107,1.3576,3.1153999999999997,4.473,0.9727000000000001,0.5423,1.5150000000000001,1.1547999999999998,0.2522000000000002,1.407
1975_80214,1975,human,2.7759,4.1942,1.4638,1.7387,2.774,3.6823,4.1487,48,47,61,108,53,75,91,102,6,22,28,16,12,28,75,103,1.2951,2.9731,4.2682,0.3157000000000001,1.0362,1.3519,0.9064000000000001,0.5119000000000002,1.4183000000000003
1975_80550,1975,human,2.6375,4.1127,1.0618,1.8184,2.3759,3.4661,3.9686,34,33,65,98,48,59,80,90,15,17,32,15,14,29,65,94,0.9097,3.2178000000000004,4.1275,0.7589000000000001,0.8172000000000001,1.5761000000000003,0.8285999999999998,0.6466000000000003,1.4752
1975_80634,1975,human,3.6328,5.379,1.7311,2.7928,3.2327,4.8462,5.1382,59,58,64,122,76,84,110,115,18,15,33,19,11,30,91,121,1.6078000000000001,3.7513000000000005,5.359100000000001,1.1224,0.8399999999999999,1.9624,1.2678999999999996,0.47829999999999995,1.7461999999999995
1975_80979,1975,human,2.8176,4.1354,1.4486,2.1274,2.8176,3.7543,3.9951,46,45,59,104,57,73,90,94,12,16,28,17,8,25,73,98,1.3387,2.9932,4.3319,0.7129000000000001,0.6909999999999998,1.4039,0.9984999999999999,0.3184999999999998,1.3169999999999997
1975_82459,1975,human,2.9598,4.5392,1.3709,2.3113,2.6867,4.1031,4.4899,45,44,59,103,61,67,92,100,17,12,29,19,8,27,73,100,1.2078,3.3526999999999996,4.560499999999999,1.0447,0.6560000000000001,1.7007,1.1457000000000002,0.36549999999999994,1.5112
1975_82542,1975,human,2.8039,4.0949,1.2588,1.9565,2.6617,3.329,3.9508,40,39,56,95,52,65,76,88,13,16,29,8,15,23,68,91,1.0503,3.0579,4.1082,0.7393999999999998,0.8474000000000002,1.5868,0.5251000000000001,0.7666999999999997,1.2917999999999998
1975_82835,1975,human,2.8215,4.1128,1.1927,1.7274,2.8215,3.8132,4.1128,37,36,62,98,47,69,86,93,11,22,33,17,7,24,69,93,1.0031,3.159,4.1621,0.5764,1.0940999999999999,1.6704999999999999,0.9917000000000002,0.29959999999999987,1.2913000000000001
1975_83066,1975,human,2.8105,4.1608,1.3332,2.2037,2.5355,3.5482,4.1191,49,48,53,101,64,70,85,95,16,12,28,9,11,20,76,96,1.2688,3.1329000000000002,4.401700000000001,0.9027000000000001,0.6617999999999999,1.5645,0.6827000000000001,0.6126,1.2953000000000001
1975_85362,1975,human,2.7628,4.7406,1.1662,1.9645,2.7154,3.9404,4.7406,44,43,70,113,58,73,91,107,15,16,31,17,16,33,74,107,1.0448,3.8740000000000006,4.9188,0.8306,0.7983,1.6289,1.1785999999999999,0.7991999999999999,1.9777999999999998
1975_85831,1975,human,3.3243,4.9287,1.5417,2.4103,3.2769,4.4166,4.7864,49,48,63,111,63,79,95,102,15,17,32,15,11,26,80,106,1.2147999999999999,3.6372999999999998,4.8521,0.9085999999999999,0.9138000000000002,1.8224,1.0922999999999998,0.5121000000000002,1.6044
1975_86568,1975,human,2.5029,3.6291,0.9898,1.8051,2.4251,3.3447,3.5931,41,40,54,94,55,68,84,90,15,15,30,14,7,21,70,91,0.8761,2.7929,3.669,0.8607999999999999,0.6978,1.5585999999999998,0.8418000000000001,0.2844000000000002,1.1262000000000003
1975_87618,1975,human,2.6129,4.2739,1.1339,2.027,2.6129,3.5553,4.217,38,37,60,97,56,67,80,93,19,11,30,13,15,28,67,95,0.9614000000000001,3.2519,4.2133,0.9272,0.5858999999999996,1.5130999999999997,0.9424000000000001,0.7186000000000003,1.6610000000000005
1975_88799,1975,human,2.91,3.8238,1.2948,2.4,2.6806,3.3043,3.5925,51,50,56,106,69,75,86,91,19,11,30,6,10,16,80,96,1.1885999999999999,3.0806000000000004,4.2692000000000005,1.145,0.5100000000000002,1.6550000000000002,0.3942999999999999,0.5194999999999999,0.9137999999999997
1975_89201,1975,human,2.7516,3.7093,1.4204,1.9684,2.7516,3.3964,3.6732,53,52,55,107,64,82,94,101,12,18,30,12,8,20,82,102,1.2819,2.5317,3.8136,0.5878999999999999,0.7831999999999999,1.3710999999999998,0.6448,0.31289999999999996,0.9577
1975_89918,1975,human,2.8691,4.1661,1.2743,2.0973,2.8691,3.5233,4.1244,42,41,61,102,57,73,84,96,16,16,32,11,13,24,73,97,1.0714000000000001,3.1269,4.1983,0.8495000000000001,0.7717999999999998,1.6213,0.6547999999999998,0.6431,1.2978999999999998
1976_1438,1976,human,2.5033,3.6013,1.1644,1.9173,2.4748,3.2789,3.4154,36,35,55,90,48,62,79,82,13,14,27,17,8,25,62,87,0.935,2.6056,3.5406,0.7946,0.5859999999999999,1.3805999999999998,0.8097000000000003,0.2902,1.0999000000000003
1976_4134,1976,human,2.8407,3.9026,1.5152,1.9437,2.6643,3.4608,3.8287,59,58,57,115,67,82,97,106,9,19,28,11,11,22,86,108,1.3976000000000002,2.7155000000000005,4.1131,0.4626999999999999,0.897,1.3597,0.6200999999999999,0.4418000000000002,1.0619
1976_5022,1976,human,2.3171,3.3581,1.1358,1.8639,2.0934,2.647,3.3581,33,32,56,88,48,53,64,80,16,11,27,5,16,21,59,80,0.9310999999999999,2.5636,3.4947,0.7545999999999999,0.45320000000000005,1.2078,0.33119999999999994,0.7098,1.041
1976_5923,1976,human,2.5082,3.7689,1.3005,1.7176,2.4721,3.2532,3.6911,53,52,55,107,59,76,91,100,7,18,25,14,11,25,77,102,1.2304,2.6238,3.8542,0.41900000000000004,0.7906,1.2096,0.7450000000000001,0.5162999999999998,1.2612999999999999
1976_5977,1976,human,2.9063,3.9831,1.5963,2.0058,2.8077,3.439,3.9831,59,58,58,116,65,81,95,108,7,19,26,11,13,24,84,108,1.4654999999999998,2.7224000000000004,4.1879,0.4651000000000003,0.8998999999999997,1.365,0.5327000000000002,0.5440999999999998,1.0768
1976_7075,1976,human,3.3349,4.5445,1.7746,2.4324,3.0676,3.752,4.3189,61,60,56,116,71,84,96,107,11,19,30,6,16,22,90,112,1.6703000000000001,3.0031,4.6734,0.6994999999999998,0.9025000000000003,1.602,0.4170999999999996,0.7925000000000004,1.2096
1976_7956,1976,human,3.2008,4.1337,1.7141,2.1332,2.9106,3.7279,4.0711,51,50,63,113,58,75,93,102,8,24,32,11,11,22,82,104,1.5796000000000001,2.8499,4.4295,0.47209999999999996,1.0676,1.5397,0.5270999999999999,0.40580000000000016,0.9329000000000001
1976_8291,1976,human,3.2183,4.3448,1.4679,2.1809,2.7821,3.5578,4.2974,52,51,56,107,64,74,87,100,13,18,31,5,14,19,82,101,1.4015,3.1917999999999997,4.5933,0.7384,1.0367000000000002,1.7751000000000001,0.3397999999999999,0.7867000000000002,1.1265
1976_8654,1976,human,2.9543,4.3519,1.4411,1.9683,2.522,3.728,4.259,44,43,62,105,51,62,87,98,8,21,29,15,12,27,72,99,1.3273000000000001,3.2342,4.5615,0.5290999999999999,0.986,1.5151,0.8301000000000003,0.5674999999999994,1.3975999999999997
1976_9243,1976,human,2.6835,4.0187,1.4413,2.0729,2.4161,3.3985,3.8897,59,58,56,114,70,78,96,106,12,13,25,13,12,25,83,108,1.3674,2.9282,4.2956,0.6657000000000002,0.6105999999999998,1.2763,0.7833000000000001,0.5518999999999998,1.3352
1976_9490,1976,human,2.9767,4.0499,1.5073,2.0249,2.6411,3.7636,4.0499,54,53,61,114,62,75,97,104,9,21,30,14,7,21,83,104,1.3594000000000002,3.0583,4.4177,0.5517000000000001,0.9518,1.5035,0.8494999999999999,0.2237,1.0732
1976_9829,1976,human,2.5716,3.8042,1.5285,2.0747,2.4521,3.296,3.8042,55,54,56,110,65,74,90,103,11,13,24,12,13,25,78,103,1.3085,2.619,3.9275,0.5954999999999999,0.5499999999999998,1.1454999999999997,0.6713,0.5097,1.181
1976_11876,1976,human,2.6013,3.9873,1.6343,1.9491,2.2354,3.3673,3.9873,59,58,54,112,65,71,95,108,7,15,22,15,13,28,80,108,1.4767000000000001,2.5921000000000003,4.0688,0.35109999999999997,0.6522000000000001,1.0033,0.8238999999999996,0.6000000000000001,1.4238999999999997
1976_11879,1976,human,2.5499,3.3576,1.3157,1.9072,2.2978,3.1225,3.2779,36,35,50,85,46,56,73,77,11,16,27,11,7,18,62,80,1.1015000000000001,2.3541,3.4556,0.6332,0.6427999999999998,1.2759999999999998,0.5725000000000002,0.2824,0.8549000000000002
1976_12733,1976,human,2.3003,3.2504,1.1928,1.428,2.2169,2.8844,3.1214,30,29,46,75,34,51,64,69,5,19,24,11,8,19,53,72,0.952,2.2510000000000003,3.203,0.25980000000000003,0.8742000000000001,1.1340000000000001,0.5821999999999998,0.3679000000000001,0.9501
1976_12842,1976,human,2.9508,4.3163,1.5152,2.2511,2.5184,3.461,4.2423,46,45,58,103,59,64,81,97,14,14,28,8,18,26,73,99,1.3521,3.0191000000000003,4.3712,0.8344999999999998,0.6466000000000003,1.4811,0.5101999999999998,0.8571000000000004,1.3673000000000002
1976_13692,1976,human,2.6148,3.6463,1.2704,1.9492,2.4214,3.0206,3.5705,42,41,53,94,54,63,74,85,13,13,26,7,13,20,67,87,1.2006999999999999,2.8025,4.0032000000000005,0.7079,0.6648999999999998,1.3727999999999998,0.40580000000000016,0.6276000000000002,1.0334000000000003
1976_14181,1976,human,2.2777,3.482,1.1758,1.6443,2.2341,2.6798,3.3341,30,29,56,85,39,53,61,74,10,15,25,7,17,24,54,78,0.825,2.6589,3.4839,0.5083000000000002,0.6333999999999997,1.1417,0.40210000000000035,0.8022,1.2043000000000004
1976_14301,1976,human,2.5329,3.5453,1.2646,1.9205,2.5329,3.1566,3.4676,39,38,49,87,50,64,75,81,12,14,26,11,8,19,64,83,1.0891,2.5072,3.5963000000000003,0.70630000000000015,0.61240000000000006,1.3187000000000002,0.6236999999999999,0.38870000000000005,1.0124
1976_14341,1976,human,3.1404,4.265,1.6214,2.2548,3.1404,2.0026,4.1948,47,46,54,100,58,78,54,95,12,20,32,26,43,19,78,97,1.4896999999999998,2.8067,4.2964,0.6751,0.952,1.6271,1.3389000000000002,2.2623999999999995,1.0562999999999998
1976_14561,1976,human,2.5886,4.0033,1.2289,1.8964,2.4407,3.1594,4.0033,47,46,60,106,60,72,84,98,14,16,30,8,14,22,76,98,1.1416000000000002,3.1651,4.3067,0.7036,0.7358,1.4394,0.5987,0.7724000000000002,1.3711000000000002
1976_14817,1976,human,2.4495,3.3899,1.1982,1.5262,2.3889,2.751,3.1965,28,27,51,78,33,50,56,65,6,18,24,5,14,19,51,70,0.8659000000000001,2.5595,3.4254000000000002,0.37159999999999993,0.9221000000000001,1.2937,0.30079999999999973,0.6395,0.9402999999999997
1976_15680,1976,human,2.4477,3.8602,0.9859,1.3082,2.3131,2.9596,3.8318,19,18,66,84,24,44,56,75,6,23,29,9,20,29,47,76,0.73,3.3146,4.0446,0.3526,1.1395000000000002,1.4921000000000002,0.5122999999999998,0.9001999999999999,1.4124999999999996
1976_16015,1976,human,2.4101,3.4549,1.06,1.663,2.4101,2.7817,3.3638,37,36,60,96,48,66,73,86,12,18,30,7,15,22,66,88,0.9632000000000001,2.7836,3.7468,0.6391,0.7470999999999999,1.3861999999999999,0.37159999999999993,0.6732,1.0448
1976_16805,1976,human,2.2777,3.5673,0.9615,1.5855,2.2416,2.858,3.5673,24,23,57,80,34,49,61,75,11,16,27,11,14,25,50,75,0.733,2.8608000000000002,3.5938000000000003,0.6248999999999999,0.6921999999999999,1.3171,0.5803000000000003,0.7092999999999998,1.2896
1976_17029,1976,human,2.3421,3.5122,1.0867,1.648,2.3421,3.1879,3.5122,32,31,55,86,42,57,72,82,11,15,26,15,10,25,57,82,0.861,2.6797000000000004,3.5407,0.5916999999999999,0.6940999999999999,1.2857999999999998,0.8458000000000001,0.36039999999999983,1.2062
1976_22882,1976,human,2.3851,3.9113,1.2646,1.5149,2.2429,3.1435,3.8241,30,29,57,86,34,49,63,77,5,18,23,11,16,27,52,79,1.0807,3.0164,4.0971,0.2863,0.9252000000000002,1.2115000000000002,0.7052999999999998,0.7659000000000002,1.4712
1976_24026,1976,human,2.5215,3.4448,1.1508,1.7233,2.5215,3.003,3.4448,34,33,58,91,44,62,70,80,11,18,29,8,10,18,62,80,1.0048,2.8551,3.8599,0.6132,0.7973000000000001,1.4105,0.48340000000000005,0.43989999999999974,0.9232999999999998
1977_116117,1977,human,2.3135,3.4721,0.9576,1.7351,1.883,3.1383,3.4721,25,24,55,79,40,44,66,74,16,12,28,14,8,22,52,74,0.732,2.7609000000000004,3.4929,0.8021,0.5783999999999998,1.3804999999999998,0.8248000000000002,0.33499999999999996,1.1598000000000002
1977_121182,1977,human,2.7159,3.7344,1.2499,1.8663,2.2873,3.1313,3.4973,40,39,57,96,52,62,80,88,13,19,32,9,14,23,71,94,1.0070999999999999,2.6041,3.6111999999999997,0.6620000000000001,0.8495999999999999,1.5116,0.4799000000000002,0.5385999999999997,1.0185
1977_121697,1977,human,3.002,4.2461,1.5304,2.141,3.0039,3.3339,4.1437,47,46,60,106,60,78,84,100,14,17,31,7,18,25,77,102,1.3636,2.9109,4.2745,0.6352,0.8609999999999998,1.4961999999999998,0.38880000000000026,0.8553000000000002,1.2441000000000004
1977_122470,1977,human,2.4401,3.5037,1.094,1.9983,2.4401,3.1757,3.4639,34,33,49,82,48,58,71,77,15,10,25,13,7,20,58,78,0.9092,2.5957,3.5049,0.9052,0.4418000000000002,1.3470000000000002,0.7355999999999998,0.3290000000000002,1.0646
1977_122689,1977,human,2.6071,3.7296,1.3026,1.7577,2.6071,2.8878,3.6462,49,48,56,104,57,75,80,96,9,18,27,5,18,23,75,98,1.1945,2.6887,3.8832,0.4930000000000001,0.8493999999999999,1.3424,0.28069999999999995,0.8418000000000001,1.1225
1977_124822,1977,human,2.5237,3.413,1.1718,1.4714,2.5237,3.2764,3.3409,39,38,54,92,45,67,83,85,7,22,29,16,4,20,67,87,0.9746,2.4668,3.4414000000000002,0.32430000000000003,1.0522999999999998,1.3765999999999998,0.7537000000000003,0.13559999999999972,0.8893
1977_125187,1977,human,3.1514,4.6076,1.4221,2.3247,3.1514,4.2132,4.4749,40,39,58,97,53,68,85,90,14,15,29,17,8,25,68,93,1.1718,3.3638,4.5356,0.9045000000000001,0.8267000000000002,1.7312000000000003,1.0617999999999994,0.3944000000000001,1.4561999999999995
1977_125839,1977,human,2.952,4.1673,1.2911,1.8353,2.952,3.3729,4.118,47,46,61,107,57,77,84,98,11,20,31,7,15,22,77,99,1.1186,3.3646000000000003,4.4832,0.6673,1.0523,1.7196,0.42090000000000005,0.7944,1.2153
1977_126028,1977,human,3.4257,4.6826,1.6057,2.2333,3.4257,4.1196,4.6826,47,46,66,112,56,75,85,99,10,19,29,10,14,24,75,99,1.3820999999999999,3.7598000000000003,5.1419,0.6805999999999999,1.1924000000000001,1.873,0.6939000000000002,0.5655999999999999,1.2595
1977_126116,1977,human,2.9672,4.3987,1.7405,2.406,2.8686,3.8394,4.3987,65,64,57,121,78,87,102,112,14,11,25,13,10,23,89,112,1.64,3.153,4.793,0.7034000000000002,0.5611999999999999,1.2646000000000002,0.8721999999999999,0.5592999999999999,1.4314999999999998
1977_126183,1977,human,2.8896,3.9419,1.7008,2.281,2.681,3.3143,3.9021,55,54,52,106,64,72,83,96,10,11,21,8,14,22,75,97,1.5851,2.6790999999999996,4.2642,0.6314000000000002,0.6086,1.2400000000000002,0.4227999999999996,0.6276000000000002,1.0503999999999998
1977_126210,1977,human,3.2102,4.6532,1.7445,2.4461,2.9429,4.1393,4.6134,60,59,57,116,72,81,100,109,13,14,27,14,10,24,86,110,1.6117,3.1932,4.8049,0.7339,0.7641,1.498,0.9291000000000005,0.5138999999999996,1.443
1977_127142,1977,human,2.8305,4.0457,1.2607,1.9338,2.6333,3.7348,3.9149,47,46,53,99,58,71,89,93,12,17,29,14,7,21,75,96,1.0806,2.9386,4.0192000000000005,0.7128999999999999,0.8966999999999998,1.6095999999999997,0.9043000000000001,0.3109000000000002,1.2152000000000003
1977_128041,1977,human,3.0204,4.3173,1.7557,2.1691,2.9787,3.1815,4.2774,65,64,58,122,73,91,95,118,9,19,28,3,24,27,92,119,1.6395,2.7535999999999996,4.3931,0.45569999999999977,0.8513000000000002,1.307,0.16110000000000024,1.1358000000000001,1.2969000000000004
1977_130125,1977,human,2.738,4.2359,1.3785,2.2488,2.738,3.8055,4.1525,59,58,67,125,77,89,105,112,19,12,31,16,9,25,89,114,1.3054,3.3930999999999996,4.6985,0.9431999999999998,0.4913000000000003,1.4345,1.0215999999999998,0.42890000000000006,1.4505
1977_133971,1977,human,3.0495,4.4283,1.4963,2.528,3.0078,3.7038,4.4283,58,57,60,117,77,88,99,113,20,11,31,11,14,25,88,113,1.3901,3.151,4.5411,1.0601,0.5223999999999998,1.5824999999999998,0.6540000000000004,0.7239,1.3779000000000003
1977_135491,1977,human,2.9428,3.8814,1.3197,2.1256,2.7494,3.5098,3.8397,37,36,54,90,50,62,76,84,14,16,30,10,8,18,66,84,0.9917,2.8290999999999995,3.8207999999999998,0.8077999999999999,0.8172000000000001,1.625,0.5669999999999997,0.3716000000000004,0.9386000000000001
1977_139537,1977,human,3.1688,4.1701,1.8433,2.3723,3.0854,3.8932,4.1701,62,61,50,111,71,86,101,108,10,17,27,13,7,20,88,108,1.7408,2.4729,4.2137,0.5613000000000001,0.7965,1.3578000000000001,0.7244000000000002,0.2768999999999995,1.0012999999999996
1986_311501,1986,human,2.5508,3.7588,1.0658,1.648,2.4806,3.1538,3.6886,38,37,60,97,50,69,80,92,13,20,33,10,13,23,70,93,0.9634,2.8883,3.8517,0.6713,0.8497000000000001,1.5210000000000001,0.6041999999999996,0.6038000000000001,1.2079999999999997
1986_339871,1986,human,2.5275,3.6974,1.2495,1.8961,2.4953,3.0319,3.6993,45,44,56,100,58,74,84,100,14,17,31,9,15,24,75,99,1.1452,2.5214999999999996,3.6667,0.6844999999999999,0.6314,1.3158999999999998,0.5048000000000004,0.6650999999999998,1.1699000000000002
1986_343050,1986,human,2.8011,4.3315,1.2289,2.2852,2.6778,3.3188,4.2386,39,38,62,100,56,65,76,93,18,12,30,8,19,27,68,95,1.1094,3.3742,4.4836,1.098,0.5158999999999998,1.6139,0.5177,1.0127000000000002,1.5304000000000002
1986_343558,1986,human,2.7572,4.005,1.3976,1.9494,2.5846,3.3773,3.967,41,40,58,98,51,64,79,91,11,17,28,11,13,24,68,92,1.2230999999999999,2.9114999999999998,4.1346,0.5904,0.8072000000000001,1.3976000000000002,0.6200999999999999,0.6290000000000004,1.2491000000000003
1986_381116,1986,human,2.5277,4.0409,1.3691,1.9474,2.4082,3.8684,3.9707,46,45,59,104,57,67,95,98,12,13,25,25,5,30,70,100,1.2477999999999998,2.9259000000000004,4.1737,0.6219000000000001,0.5783999999999998,1.2003,1.3425000000000002,0.17069999999999963,1.5131999999999999
1986_381571,1986,human,2.9634,4.2792,1.3841,1.9263,2.6999,3.9209,4.2205,45,44,60,104,56,70,93,100,12,20,32,17,8,25,76,101,1.2802,3.0431,4.3233,0.6295000000000002,0.9802,1.6097000000000001,1.0125000000000002,0.30489999999999995,1.3174000000000001
1986_382884,1986,human,2.6258,4.0761,1.3233,2.1215,2.586,3.6306,3.8789,40,39,54,93,54,65,83,88,15,12,27,17,10,27,66,93,1.2247,2.8533,4.078,0.8513000000000002,0.5044,1.3557000000000001,1.0048999999999997,0.49270000000000014,1.4975999999999998
1986_392051,1986,human,2.3323,3.5022,1.0998000000000001,2.0213,2.2887,2.6983,3.4188,40,39,59,98,60,67,76,92,21,8,29,8,19,27,68,95,0.9766,2.6072,3.5838,1.0011,0.2749999999999999,1.2761,0.4152999999999998,0.802,1.2172999999999998
1987_452823,1987,human,3.0269,4.1136,1.4034,2.2398,3.0269,3.7722,3.9846,47,46,56,102,61,78,91,96,15,17,32,13,8,21,78,99,1.3029,2.9358000000000004,4.238700000000001,0.8799999999999999,0.7871000000000001,1.6671,0.7453000000000003,0.3934000000000002,1.1387000000000005
1987_453507,1987,human,2.6569,4.1342,1.1796,2.088,2.5696,3.3605,3.7928,42,41,70,111,58,68,83,93,17,12,29,13,19,32,70,102,1.0873,3.3984,4.4857000000000005,0.9445000000000001,0.5688999999999997,1.5133999999999999,0.7047000000000003,0.7725999999999997,1.4773
1987_454347,1987,human,2.5517,3.8996,1.2379,1.6569,2.2598,3.0427,3.5356,42,41,60,101,50,63,79,90,9,20,29,9,18,27,70,97,1.1621,2.8606999999999996,4.0228,0.45120000000000005,0.8947999999999998,1.3459999999999999,0.4910000000000001,0.8569,1.3479
1987_455666,1987,human,2.4443,3.6656,1.1359,1.7124,2.1485,3.3773,3.6656,36,35,55,90,46,55,80,87,11,17,28,17,7,24,63,87,1.0487,2.7003000000000004,3.749,0.6219999999999999,0.7319000000000002,1.3539,0.9343999999999997,0.2881,1.2224999999999997
1987_456023,1987,human,2.3754,3.636,1.0029,1.6853,2.3356,3.1811,3.4958,33,32,61,93,46,60,76,83,14,15,29,15,10,25,61,86,0.8682,2.9536,3.8218,0.7185,0.6900999999999999,1.4085999999999999,0.8056999999999999,0.4549000000000003,1.2606000000000002
1987_470421,1987,human,2.4707,3.6387,1.0467,1.7976,2.4328,3.0794,3.578,39,38,60,98,52,67,79,93,14,15,29,12,15,27,67,94,0.9746,2.7984999999999998,3.7731,0.7794000000000001,0.6749999999999998,1.4544,0.6068000000000002,0.5592999999999999,1.1661000000000001
1987_474205,1987,human,2.7613,3.6431,0.9103,1.6044,2.7632,3.2335,3.5218,29,28,63,91,42,69,77,83,14,26,40,9,10,19,68,87,0.7776000000000001,3.0251,3.8027,0.7225,1.1568999999999998,1.8794,0.47260000000000035,0.4605999999999999,0.9332000000000003
1987_478908,1987,human,2.3017,3.6327,0.7849,1.5509,2.2126,2.9217,3.5246,35,34,68,102,48,64,81,94,14,20,34,13,16,29,68,97,0.7584000000000001,3.0852,3.8436,0.7678999999999999,0.7944,1.5623,0.5764,0.7109999999999999,1.2873999999999999
1987_485429,1987,human,2.5144,3.9175,0.9329,1.663,2.3721,3.3828,3.8796,34,33,60,93,47,62,78,88,14,18,32,13,11,24,65,89,0.8552,3.2501,4.105300000000001,0.7604000000000001,0.8514000000000002,1.6118000000000001,0.8683999999999998,0.5347,1.4030999999999998
1987_486396,1987,human,2.8289,4.2983,0.9708,1.5813,2.4952,3.8811,4.2983,16,15,61,76,25,40,62,71,10,21,31,16,9,25,46,71,0.6617,3.6426,4.3043,0.6617,1.2476,1.9093,1.0522,0.41720000000000024,1.4694000000000003
1987_489815,1987,human,3.2553,4.4308,0.8475,2.2922,3.2572,4.1275,4.3626,31,30,70,100,54,72,86,93,24,18,42,14,8,22,72,94,0.7679,3.8729,4.6408000000000005,1.5394999999999999,0.9081000000000001,2.4476,0.8686999999999996,0.30299999999999994,1.1716999999999995
1987_490267,1987,human,2.8159,4.0863,1.2515,1.9758,2.8178,3.7147,3.9669,38,37,61,98,51,69,84,90,14,17,31,16,9,25,68,93,1.1207,3.1172999999999997,4.2379999999999995,0.7641,0.8401000000000001,1.6042,0.8988,0.3715999999999995,1.2703999999999995
1987_494471,1987,human,2.4553,3.4621,1.0997,1.9036,2.4155,2.715,3.4336,39,38,56,94,57,69,74,89,19,13,32,4,16,20,70,90,0.9765,2.5159000000000002,3.4924,0.8987,0.5023999999999997,1.4010999999999998,0.3261000000000003,0.6806999999999999,1.0068000000000001
1987_496790,1987,human,2.5651,4.169,1.0996,1.894,2.3907,3.1491,3.951,37,36,64,100,51,62,76,90,15,15,30,10,18,28,66,94,0.9954,3.3841,4.3795,0.8228,0.6692000000000002,1.4920000000000002,0.6515999999999997,0.9522999999999997,1.6038999999999994
1987_496880,1987,human,3.0998,4.4781,1.3347,2.3073,2.9367,3.9036,4.4364,45,44,61,105,61,72,86,98,17,14,31,11,12,23,75,98,1.2627,3.5679999999999996,4.8307,1.0086000000000002,0.7944,1.8030000000000002,0.8018999999999998,0.5747999999999998,1.3766999999999996
1987_521302,1987,human,3.7925,4.898,1.3046,3.2028,3.6996000000000002,4.4258,4.8449,41,40,80,120,80,91,103,114,40,12,52,11,12,23,92,115,1.2117,3.7886999999999995,5.0004,1.9399,0.5897000000000001,2.5296000000000003,0.6332999999999998,0.47219999999999995,1.1054999999999997
1987_521611,1987,human,2.6586,3.7982,1.2724,1.7882,2.5353,3.29,3.7243,44,43,61,104,54,70,87,98,11,19,30,14,12,26,73,99,1.151,2.7681000000000004,3.9191000000000003,0.5476000000000001,0.8703999999999998,1.418,0.6788000000000003,0.4607999999999999,1.1396000000000002
1987_531974,1987,human,3.2517,4.4879,1.2248000000000001,2.4117,3.0602,4.1257,4.4082,39,38,68,106,61,73,91,97,23,16,39,14,8,22,77,99,1.0694,3.604,4.6734,1.2703,0.7793000000000001,2.0496,0.8740000000000001,0.36219999999999963,1.2361999999999997
1987_533104,1987,human,2.4721,4.0133,1.0597,1.6379,2.436,3.6,3.9337,32,31,67,98,45,63,83,91,14,18,32,20,10,30,63,93,0.9062000000000001,3.2133000000000003,4.1195,0.6597,0.7811000000000001,1.4408,1.1279,0.4133,1.5412
1987_536489,1987,human,2.2144,3.3272,1.1584,1.7101,2.1423,2.6182,3.2988,39,38,58,96,49,61,72,89,11,14,25,9,18,27,63,90,1.1015000000000001,2.3811999999999998,3.4827,0.5535999999999999,0.5043,1.0578999999999998,0.40379999999999994,0.7090000000000001,1.1128
1987_536534,1987,human,2.4419,3.6401,1.1963,1.7233,2.3774,3.0448,3.6097,43,42,69,111,54,72,88,102,12,20,32,14,15,29,74,103,1.0977000000000001,2.8190999999999997,3.9168,0.5687,0.7185999999999999,1.2872999999999999,0.6029,0.5952999999999999,1.1982
1987_538126,1987,human,3.0358,4.384,1.443,2.3285,3.0358,3.6027,4.1924,47,46,60,106,59,75,85,97,13,16,29,10,17,27,75,102,1.3727,3.144,4.5167,0.8859999999999999,0.7075,1.5935,0.5663,0.8249,1.3912
1987_543229,1987,human,2.215,3.3776,0.9312,1.6651,2.1771,2.8029,3.3377,36,35,57,92,49,61,73,85,14,13,27,11,13,24,62,86,0.8287,2.7647000000000004,3.5934000000000004,0.7643,0.5517999999999998,1.3160999999999998,0.5860000000000003,0.5755999999999997,1.1616
1987_549070,1987,human,2.8856,4.2716,1.2779,2.114,2.7415,3.9512,4.1882,40,39,59,98,52,64,84,89,13,15,28,17,7,24,67,91,1.1679,3.3709999999999996,4.5389,0.8796999999999999,0.7697000000000003,1.6494000000000002,1.0661,0.3199000000000001,1.3860000000000001
1988_600001,1988,human,2.5972,3.8958,1.456,1.9109,2.4057,3.1944,3.8465,46,45,54,99,53,64,78,90,8,15,23,10,13,23,68,91,1.3781999999999999,2.8172000000000006,4.1954,0.45500000000000007,0.6881999999999999,1.1432,0.5952999999999999,0.7014,1.2967
1988_624379,1988,human,2.8857,4.5902,1.4087,2.3283,2.717,4.0195,4.4727,46,45,65,110,61,69,92,101,16,12,28,19,12,31,73,104,1.2968,3.5209,4.8177,0.9651000000000001,0.5573999999999999,1.5225,1.1352000000000002,0.5693000000000001,1.7045000000000003
1988_633759,1988,human,2.8687,3.9646,1.1395,2.0287,2.5596,3.2214,3.6897,38,37,59,96,54,65,78,88,17,18,35,6,15,21,72,93,1.0371000000000001,3.0355,4.0726,0.9347000000000001,0.8399999999999999,1.7747,0.3544999999999998,0.7433000000000001,1.0977999999999999
1988_641540,1988,human,2.691,3.8326,1.2933,1.8983,2.5753,3.3926,3.7908,44,43,54,97,54,68,84,93,11,17,28,13,10,23,71,94,1.2042000000000002,2.7321999999999997,3.9364,0.6391,0.7945,1.4336,0.6997999999999998,0.43999999999999995,1.1397999999999997
1988_642134,1988,human,2.8464,4.0885,1.2421,2.1561,2.6701,3.6012,4.0506,42,41,58,99,58,68,85,95,17,15,32,12,11,23,73,96,1.1322,3.019,4.1512,0.9442999999999999,0.7472000000000003,1.6915000000000002,0.6978999999999997,0.48729999999999984,1.1851999999999996
1988_659137,1988,human,2.7166,4.1744,1.4104,2.0796,2.6806,3.6721,4.0872,39,38,58,96,49,63,81,90,11,15,26,17,11,28,64,92,1.2455,2.965,4.2105,0.6711,0.637,1.3081,0.9558,0.5020000000000002,1.4578000000000002
1988_663590,1988,human,2.6416,4.0847,1.4943,1.9305,2.6416,3.6713,4.0411,46,45,54,99,53,68,86,93,8,15,23,18,8,26,68,94,1.3664999999999998,2.8919,4.2584,0.4760000000000002,0.7110999999999998,1.1871,1.0998999999999999,0.34319999999999995,1.4430999999999998
1988_668342,1988,human,2.818,4.3389,1.282,1.8319,2.3553,3.4988,4.2536,46,45,70,115,55,66,90,106,10,22,32,13,18,31,77,108,1.2251,3.3621999999999996,4.5873,0.5518000000000001,0.9861,1.5379,0.6808000000000001,0.8400999999999996,1.5208999999999997
1988_682128,1988,human,2.8952,4.2868,1.3367,2.3131,2.6904,3.5209,4.2868,49,48,61,109,65,75,90,105,17,14,31,11,15,26,79,105,1.2609,3.1764,4.4373000000000005,1.0162,0.5840000000000001,1.6002,0.6238000000000001,0.7659000000000002,1.3897000000000004
1988_691830,1988,human,2.6129,3.851,1.1737,1.6667,2.4138,3.396,3.7145,41,40,57,97,50,66,85,91,10,21,31,14,9,23,71,94,1.0636999999999999,2.848,3.9117,0.5309000000000001,0.9461999999999997,1.4770999999999999,0.7831000000000001,0.4569000000000001,1.2400000000000002
1990_797275,1990,human,2.5784,4.1633,1.1129,1.602,2.5784,3.4581,4.1633,39,38,63,101,47,69,85,99,9,22,31,16,14,30,69,99,1.0237,3.1529000000000003,4.1766000000000005,0.5157,0.9763999999999997,1.4920999999999998,0.9447000000000001,0.6401999999999997,1.5848999999999998
1991_835526,1991,human,2.5107,3.8836,1.1188,1.4469,2.359,3.4437,3.8097,38,37,59,96,43,61,81,89,6,23,29,15,10,25,66,91,1.0107,3.0246000000000004,4.0353,0.37170000000000014,1.1055,1.4772,0.8913000000000002,0.43989999999999974,1.3312
1996_908415,1996,human,2.8069,3.8975,1.2309,1.9971,2.8069,3.3797,3.8558,39,38,51,89,52,67,78,86,14,15,29,11,10,21,67,88,1.119,2.8088,3.9278000000000004,0.8117000000000001,0.8098000000000001,1.6215000000000002,0.6467999999999998,0.4981,1.1448999999999998
1996_903284,1996,human,2.9206,4.2083,1.2024,2.0217,2.9187,3.7209,3.903,40,39,63,102,54,72,87,91,15,18,33,15,12,27,72,99,1.1340999999999999,3.1672000000000002,4.3013,0.8483000000000003,0.8983999999999996,1.7467,0.8003,0.4887999999999999,1.2891
1996_909231,1996,human,3.0788,4.4854,1.1678,1.7839,2.8645,3.7612,4.3982,34,33,61,94,43,63,77,89,10,23,33,11,14,25,66,91,1.0217999999999998,3.4425,4.4643,0.6193,1.2936000000000003,1.9129000000000003,0.6823999999999999,0.7242000000000002,1.4066
1996_912385,1996,human,2.5639,3.6809,1.2194,1.7883,2.3212,3.1385,3.6828,41,40,52,92,52,63,78,90,12,17,29,9,11,20,69,89,1.0677,2.6246,3.6923,0.6068,0.8153999999999999,1.4222,0.5348000000000002,0.5423999999999998,1.0772
1996_914801,1996,human,2.8815,4.0171,1.2133,1.7649,2.6389,3.5811,3.9451,40,39,64,103,50,69,89,97,11,25,36,14,10,24,75,99,1.1223,3.0105000000000004,4.1328000000000005,0.5837999999999999,1.1166,1.7004,0.6996000000000002,0.43599999999999994,1.1356000000000002
1996_929999,1996,human,3.1111,4.6543,1.6494,2.3584,2.9139,4.3586,4.6543,49,48,53,101,60,71,94,100,12,15,27,19,6,25,75,100,1.5659999999999998,3.0768999999999997,4.6429,0.7450000000000001,0.7526999999999999,1.4977,1.3309000000000002,0.21229999999999993,1.5432000000000001
1996_937642,1996,human,2.7079,3.8798,1.28,1.7009,2.706,3.1288,3.8779,42,41,62,103,51,74,82,99,10,23,33,8,18,26,74,100,1.1643000000000001,2.7648,3.9291,0.4494,1.007,1.4564,0.42090000000000005,0.7869999999999999,1.2079
1996_938480,1996,human,2.7038,3.851,1.0827,1.7615,2.7038,3.0584,3.7789,35,34,58,92,47,67,73,88,13,20,33,6,17,23,67,90,0.9499,2.8764000000000003,3.8263000000000003,0.7142999999999999,0.9410000000000003,1.6553000000000002,0.3545999999999996,0.7944,1.1489999999999996
1996_947058,1996,human,2.6238,3.9282,1.128,1.7555,2.6257,3.4068,3.9282,40,39,62,101,52,71,84,96,13,18,31,14,12,26,70,96,1.0526,3.0523000000000007,4.104900000000001,0.6559000000000001,0.8683000000000001,1.5242000000000002,0.7829999999999999,0.5232999999999999,1.3062999999999998
1979_151663,1979,human,2.742,3.9499,1.5379,1.9949,2.7117,3.62,3.9499,47,46,56,102,55,71,90,98,9,17,26,18,8,26,72,98,1.2368,2.6130000000000004,3.8498000000000006,0.565,0.6846000000000001,1.2496,0.879,0.32889999999999997,1.2079
1979_154221,1979,human,2.896,4.0017,1.4736,2.0672,2.8486,3.262,3.7665,52,51,51,102,64,79,85,96,13,15,28,6,15,21,79,100,1.3674,2.6475,4.0149,0.696,0.7624,1.4584,0.3660000000000001,0.7396999999999996,1.1056999999999997
1979_161824,1979,human,2.7063,3.8594,1.4888,2.145,2.7063,2.97,3.776,53,52,51,103,64,76,81,97,12,12,24,5,18,23,76,99,1.4129,2.5246999999999993,3.9375999999999998,0.6580999999999999,0.5613000000000001,1.2194,0.26370000000000005,0.8893999999999997,1.1530999999999998
1979_175752,1979,human,2.7991,4.0602,1.2763,2.0861,2.6,3.8839,4.0147,43,42,57,99,56,66,90,93,14,15,29,19,4,23,71,94,1.1075,3.0096,4.1171,0.8117000000000001,0.7130000000000001,1.5247000000000002,1.0867999999999998,0.17430000000000012,1.2610999999999999
1979_177998,1979,human,2.5979,3.5404,1.3748,1.9456,2.5998,3.1687,3.4854,39,38,50,88,48,63,72,79,10,14,24,10,7,17,62,79,1.1169,2.6643,3.7811999999999997,0.6135000000000002,0.6513,1.2648000000000001,0.5707999999999998,0.37170000000000014,0.9424999999999999
1979_179417,1979,human,2.8215,3.9288,1.3937,1.9985,2.7835,3.3675,3.8966,48,47,53,100,59,76,87,98,12,18,30,10,12,22,77,99,1.2154,2.5976999999999997,3.8131,0.6371,0.823,1.4601,0.6029,0.5044,1.1073
1979_190974,1979,human,3.11,4.4545,1.6385,2.2643,3.0778,3.9539,4.4166,51,50,57,107,60,77,93,103,10,18,28,15,12,27,78,105,1.5376,2.9852,4.5228,0.6717,0.8475999999999999,1.5192999999999999,0.8420000000000001,0.5404999999999998,1.3824999999999998
1979_194994,1979,human,2.6753,3.6081,1.4277,2.0932,2.6317,3.2668,3.5361,50,49,51,100,61,72,83,89,12,12,24,10,8,18,73,91,1.2334,2.6229999999999998,3.8564,0.7004999999999999,0.5840000000000001,1.2845,0.5895999999999999,0.34129999999999994,0.9308999999999998
1980_200726,1980,human,2.5102,3.5132,1.1793,1.9092,2.4268,2.7927,3.3331,39,38,54,92,53,66,73,84,15,15,30,5,16,21,68,89,1.0902,2.4723,3.5625,0.7678,0.6010000000000002,1.3688000000000002,0.28249999999999975,0.7204999999999999,1.0029999999999997
1980_240025,1980,human,2.9047,4.2262,1.5339,1.9586,2.8629,3.7294,4.0821,53,52,56,108,60,80,95,102,8,20,28,15,10,25,80,105,1.422,2.9028,4.3248,0.4645999999999999,0.9461000000000002,1.4107,0.8251,0.49659999999999993,1.3216999999999999
1981_299440,1981,human,2.3964,3.5605,1.3309,1.9111,2.3585,3.1055,3.5624,43,42,48,90,54,64,77,87,12,11,23,12,10,22,65,87,1.1887,2.4103,3.599,0.6237999999999999,0.48560000000000003,1.1094,0.7088000000000001,0.45689999999999964,1.1656999999999997
1982_1686,1982,human,2.5773,4.2025,1.356,1.8073,2.4824,3.1386,4.1684,57,56,58,114,65,79,90,111,9,15,24,10,22,32,80,112,1.2782,2.9521,4.230300000000001,0.4854999999999998,0.7700000000000002,1.2555,0.5612999999999997,1.0638999999999998,1.6251999999999995
1982_8560,1982,human,2.2809,3.3729,0.9385,1.4447,2.2809,2.5596,3.3293,31,30,57,87,40,58,64,80,10,18,28,6,17,23,58,81,0.8153,2.7495000000000003,3.5648,0.5384000000000001,0.8361999999999998,1.3746,0.3185000000000002,0.7734999999999999,1.092
1982_35833,1982,human,2.6279,3.9191,1.2685,1.9567,2.5805,3.4015,3.8774,48,47,54,101,59,73,86,95,12,15,27,12,10,22,74,96,1.1641,2.9294000000000002,4.093500000000001,0.7300000000000002,0.6711999999999998,1.4012,0.7736000000000001,0.5175999999999998,1.2912
1982_37242,1982,human,2.9845,4.1355,1.2875,2.0232,2.9845,3.5079,3.98,32,31,65,96,44,65,76,87,13,21,34,11,14,25,65,90,0.95,3.1456999999999997,4.0957,0.7964000000000002,0.9613,1.7577000000000003,0.5844,0.5685000000000002,1.1529000000000003
1982_41728,1982,human,2.3814,3.5853,1.1717,1.7709,2.3055,2.7625,3.4791,43,42,54,96,54,66,75,90,12,14,26,7,18,25,68,93,1.0219,2.571,3.5929,0.6352,0.6105000000000003,1.2457000000000003,0.3811,0.8228,1.2039
1983_67642,1983,human,2.7158,4.0624,1.3067,2.1829,2.5584,3.6015,4.0244,38,37,65,102,55,64,85,95,18,14,32,16,12,28,69,97,1.1777,2.9927,4.1704,0.8825000000000001,0.5323000000000002,1.4148000000000003,0.8856999999999999,0.5002,1.3859
1983_72363,1983,human,2.7894,3.9783,1.517,2.2262,2.7894,3.4872,3.9138,49,48,54,102,61,74,86,96,13,13,26,12,12,24,74,98,1.4184,2.7020999999999997,4.1205,0.7451999999999999,0.5632000000000001,1.3084,0.6982999999999997,0.49060000000000015,1.1888999999999998
1983_90108,1983,human,2.706,4.1339,1.4317,1.9418,2.431,3.8267,4.096,47,46,55,101,56,66,91,97,10,16,26,19,7,26,72,98,1.3145,2.8630000000000004,4.1775,0.5401,0.7642,1.3043,1.1207000000000003,0.3071999999999995,1.4278999999999997
1984_1301,1984,human,2.4519,3.6675,0.9273,1.7408,2.2509,2.9601,3.5954,30,29,57,86,44,54,67,78,15,15,30,8,13,21,59,80,0.8238,3.0777,3.9015,0.8563,0.7111000000000003,1.5674000000000001,0.5082,0.7073999999999998,1.2155999999999998
1984_2208,1984,human,2.4751,3.8406,1.3902,1.7164,2.4751,2.8164,3.8406,45,44,54,98,50,66,72,93,6,16,22,6,21,27,66,93,1.2726,2.7253000000000003,3.9979,0.3831,0.7586999999999999,1.1418,0.34129999999999994,1.0242,1.3655
1984_2292,1984,human,2.5412,3.9407,1.4223,2.0253,2.3819,3.2504,3.7795,41,40,56,96,51,60,77,88,11,13,24,13,15,28,64,92,1.3386,2.6931000000000003,4.0317,0.6033000000000002,0.5158999999999998,1.1192,0.7589999999999999,0.6405000000000003,1.3995000000000002
1984_2758,1984,human,2.5232,4.2085,1.2398,2.0588,2.5232,3.5735,4.2085,36,35,61,96,50,60,76,90,15,10,25,16,14,30,60,90,1.0768,3.2871999999999995,4.364,0.9289000000000003,0.4018999999999999,1.3308000000000002,1.0503,0.6349999999999998,1.6852999999999998
1984_7894,1984,human,2.6641,3.7677,1.2647,2.0384,2.6641,3.3448,3.7279,40,39,65,104,56,71,85,95,17,15,32,14,11,25,71,96,1.1576,2.8082000000000003,3.9658,0.8603000000000001,0.5693999999999999,1.4297,0.6807000000000003,0.42289999999999983,1.1036000000000001
1984_10690,1984,human,2.6224,3.7184,1.1794,1.8032,2.5409,3.0642,3.7184,39,38,62,100,51,69,79,95,13,20,33,8,16,24,71,95,1.0808,2.8272000000000004,3.908,0.6636,0.8172999999999999,1.4808999999999999,0.4418000000000002,0.7010999999999998,1.1429
1984_11393,1984,human,2.9919,4.2186,1.7253,2.0154,2.7018,3.3597,4.1219,50,49,56,105,55,69,81,95,6,20,26,6,16,22,75,97,1.6153,2.9501999999999997,4.5655,0.3318000000000001,0.9764999999999997,1.3082999999999998,0.36780000000000035,0.8601999999999999,1.2280000000000002
1984_11757,1984,human,2.9123,4.0347,1.6325,2.2107,2.8744,3.4697,3.9854,47,46,59,105,57,71,82,94,11,15,26,10,12,22,72,94,1.5149,2.971,4.4859,0.6837000000000002,0.6454,1.3291000000000002,0.5573999999999999,0.565,1.1223999999999998
1984_19866,1984,human,2.6032,4.2528,1.3064,2.061,2.5653,3.2062,4.2528,39,38,60,98,53,63,74,93,15,11,26,10,19,29,64,93,1.2172,3.3162000000000003,4.5334,0.8532,0.48340000000000005,1.3366,0.6012,1.1185,1.7197
1984_22088,1984,human,2.5767,3.7408,1.3291,2.1046,2.5331,3.2023,3.6138,43,42,56,98,59,69,82,90,17,11,28,12,11,23,70,93,1.2191999999999998,2.6885,3.9076999999999997,0.8096000000000001,0.4721000000000002,1.2817000000000003,0.6255999999999999,0.5385,1.1641
1984_22396,1984,human,2.4824,3.8269,1.0316,1.5949,2.4198,2.9261,3.6942,38,37,68,105,49,67,79,95,12,20,32,10,18,28,69,97,0.9273,3.1328,4.0601,0.605,0.8856000000000002,1.4906000000000001,0.5044,0.843,1.3474
1984_27397,1984,human,2.4836,3.9416,1.2892,1.8352,2.3661,3.4581,3.9397,43,42,64,106,52,64,86,98,10,15,25,19,12,31,67,98,1.2258,2.9867999999999997,4.2126,0.5468,0.6484000000000001,1.1952,0.9744999999999999,0.48350000000000026,1.4580000000000002
1984_32306,1984,human,2.2887,3.69,1.1851,1.8526,2.2906,3.2217,3.5269,42,41,61,102,56,69,86,94,15,12,27,18,11,29,68,97,1.1112,2.7366,3.8478,0.7016,0.43609999999999993,1.1377,0.9329999999999998,0.46850000000000014,1.4015
1984_33148,1984,human,2.5427,4.1904,1.3178,2.0383,2.4422,3.6861,4.0122,39,38,56,94,51,60,79,85,13,10,23,18,10,28,61,89,1.2253,3.1512,4.3765,0.7584,0.5044,1.2628,1.1434000000000002,0.5055999999999998,1.649
1984_35068,1984,human,2.2014,3.2443,1.3235,1.5643,2.1597,2.7665,3.2102,37,36,39,75,40,52,63,72,4,13,17,10,10,20,53,73,1.2584,2.0294999999999996,3.2878999999999996,0.24140000000000006,0.6371,0.8785000000000001,0.5651000000000002,0.4796999999999998,1.0448
1984_44835,1984,human,2.5444,3.8639,1.4618,1.822,2.5444,3.5322,3.7938,42,41,57,98,50,66,85,92,9,16,25,19,8,27,66,93,1.3669,2.6525,4.0194,0.3849,0.7223999999999999,1.1073,0.9878,0.3329,1.3207
1984_48047,1984,human,2.3132,3.7106,1.4922,1.7425,2.2753,2.9389,3.667,46,45,52,97,50,62,75,90,5,13,18,12,16,28,63,91,1.3765,2.5161,3.8926,0.3026,0.5696000000000001,0.8722000000000001,0.6724999999999999,0.7248999999999999,1.3973999999999998
1984_49758,1984,human,2.531,4.006,1.3631,1.8655,2.4172,3.386,3.9662,40,39,59,98,49,62,80,93,10,16,26,15,14,29,65,94,1.2664,2.8655,4.1319,0.5479,0.6636000000000002,1.2115000000000002,0.855,0.6219000000000001,1.4769
1984_51437,1984,human,3.0352,4.5708,1.401,2.3394,2.9878,4.1594,4.5253,41,40,61,101,55,67,85,92,15,13,28,17,8,25,68,93,1.2968,3.6038999999999994,4.9007,0.9705999999999999,0.6958000000000002,1.6664,1.1241999999999996,0.4118000000000004,1.536
1984_51484,1984,human,2.6658,3.9911,1.5907,1.7841,2.6639,3.2839,3.9911,52,51,55,106,55,73,84,98,4,18,22,11,14,25,73,98,1.4978,2.8004000000000002,4.2982000000000005,0.2370000000000001,0.8816999999999999,1.1187,0.6181000000000001,0.7071999999999998,1.3253
1984_58654,1984,human,2.4152,3.8787,1.3289,1.6209,2.218,2.9896,3.7934,41,40,57,97,46,59,74,91,6,18,24,10,19,29,64,93,1.2095,2.764,3.9734999999999996,0.3204,0.7924,1.1128,0.5743999999999998,0.8891,1.4634999999999998
1984_60986,1984,human,2.3305,3.7887,1.0922,1.5834,2.2224,2.6927,3.7394,37,36,62,98,47,62,72,92,11,18,29,7,22,29,65,94,0.9822000000000001,2.9127,3.8949000000000003,0.49309999999999987,0.7470999999999999,1.2401999999999997,0.3622000000000001,1.1453000000000002,1.5075000000000003
1984_70021,1984,human,2.6787,4.2048,1.5469,2.0872,2.6787,3.128,4.1157,49,48,55,103,57,70,78,96,9,13,22,8,20,28,70,98,1.4483,2.9209,4.3692,0.5782000000000003,0.5895999999999999,1.1678000000000002,0.5042999999999997,1.0217999999999998,1.5260999999999996
1984_76780,1984,human,2.7424,3.8842,1.3295,2.1393,2.7424,3.6224,3.814,45,44,59,103,61,74,92,96,17,13,30,18,6,24,74,98,1.2384,2.7804,4.018800000000001,0.8933000000000002,0.5518999999999998,1.4452,0.9255,0.21629999999999994,1.1418
1984_79547,1984,human,2.4249,3.7142,1.0674,1.8467,2.2505,2.8762,3.7142,35,34,61,95,52,59,71,87,18,11,29,8,16,24,63,87,0.9707000000000001,3.0612999999999997,4.032,0.8607999999999998,0.5308000000000002,1.3916,0.5194999999999999,0.7698,1.2893
1984_80286,1984,human,2.5921,3.7904,1.4373,2.1882,2.3892,3.305,3.7525,44,43,56,99,59,65,83,93,16,11,27,13,11,24,70,94,1.2985,2.5982000000000003,3.8967,0.8025000000000002,0.4038999999999997,1.2064,0.7139000000000002,0.48439999999999994,1.1983000000000001
1984_83045,1984,human,2.8353,3.9922,1.3541,2.2701,2.6968,3.2525,3.9922,46,45,60,105,62,72,83,103,17,13,30,8,20,28,75,103,1.2498,2.7840000000000003,4.0338,0.9405999999999999,0.5652000000000004,1.5058000000000002,0.4171999999999998,0.7795000000000001,1.1966999999999999
1984_83675,1984,human,3.1626,4.5903,1.4922,2.5236,3.1133,3.6461,4.5125,39,38,55,93,54,67,74,89,16,14,30,6,16,22,68,90,1.3045,3.2744000000000004,4.5789,1.0333,0.694,1.7273,0.4285000000000001,0.9441999999999999,1.3727
1984_84756,1984,human,2.9102,4.2904,1.4409,2.1139,2.7927,3.733,4.1596,46,45,60,105,58,72,89,98,13,16,29,15,11,26,74,100,1.3423,3.1016999999999997,4.444,0.7692999999999999,0.7360000000000002,1.5053,0.8777999999999997,0.5024000000000002,1.3801999999999999
1984_86780,1984,human,2.9594,4.4628,1.5925,2.1916,2.9594,3.877,4.4628,46,45,58,103,55,70,85,97,10,15,25,15,12,27,70,97,1.4655,3.2305,4.696,0.6465000000000003,0.7677999999999998,1.4143000000000001,0.9190999999999998,0.5842999999999998,1.5033999999999996
1984_87914,1984,human,3.3389,4.577,1.6457,2.4477,3.1303,3.8906,4.4898,50,49,54,103,60,73,84,94,11,16,27,8,12,20,76,96,1.5755,3.2650000000000006,4.8405000000000005,0.8039000000000003,0.8912,1.6951000000000003,0.5516999999999999,0.6881000000000004,1.2398000000000002
1984_88607,1984,human,2.7361,4.1638,1.3519,2.1881,2.7361,3.6329,4.0918,37,36,59,95,51,64,80,90,15,13,28,16,12,28,64,92,1.2381,3.0431999999999997,4.2813,0.8760999999999999,0.548,1.4241,0.9645999999999999,0.5141000000000004,1.4787000000000003
1984_97517,1984,human,3.2334,4.7524,1.5152,2.2396,2.9015,4.1436,4.5343,47,46,65,111,58,70,92,101,12,20,32,14,15,29,78,107,1.4532,3.43,4.8832,0.7294999999999998,1.0412000000000003,1.7707000000000002,0.8609,0.6486000000000001,1.5095
1984_97720,1984,human,2.6833,3.8875,1.1643,1.9684,2.5581,3.7225,3.8476,37,36,59,95,53,66,86,89,17,16,33,17,4,21,69,90,1.0771000000000002,2.9449999999999994,4.0221,0.8362999999999998,0.7149000000000001,1.5512,1.04,0.1652,1.2052
1984_98288,1984,human,2.5537,4.0647,1.3802,1.9015,2.4115,3.2912,4.0287,42,41,60,101,51,63,79,94,10,16,26,12,16,28,67,95,1.2759,2.9878,4.2637,0.5706,0.6958000000000002,1.2664000000000002,0.6919999999999997,0.7735000000000003,1.4655
1985_103011,1985,human,2.6282,3.9404,1.316,2.0745,2.6282,3.3905,3.874,46,45,54,99,59,70,82,92,14,11,25,12,12,24,70,94,1.2136,2.8651999999999997,4.0788,0.8627999999999998,0.48350000000000026,1.3463,0.7641999999999998,0.548,1.3121999999999998
1985_119643,1985,human,2.679,3.8089,1.1793,1.7443,2.6429,3.4734,3.7786,39,38,57,95,49,68,84,91,11,20,31,15,8,23,69,92,1.0655,2.8191,3.8846000000000003,0.61240000000000006,0.9346999999999999,1.5471,0.7944,0.33550000000000013,1.1299000000000001
1985_127037,1985,human,2.8607,4.4588,1.4768,2.3299,2.5744,3.4616,4.3697,44,43,58,101,59,65,79,97,16,11,27,9,19,28,70,98,1.365,3.1745,4.5395,0.8871999999999998,0.5311000000000003,1.4183000000000001,0.6017999999999999,0.9967999999999999,1.5985999999999998
1985_170569,1985,human,2.9409,4.3042,1.3387,2.0952,2.6792,3.3827,4.1866,42,41,65,106,56,69,82,97,15,18,33,8,19,27,74,101,1.2325,3.2626,4.4951,0.7584000000000002,0.8456999999999999,1.6041,0.4424000000000001,0.9745999999999997,1.4169999999999998
1985_188588,1985,human,2.5409,3.58,1.388,1.5378,2.4518,3.197,3.5497,45,44,55,99,47,67,84,95,3,22,25,15,12,27,69,96,1.2761,2.3475,3.6235999999999997,0.2048000000000001,1.0012,1.2060000000000002,0.6560999999999999,0.383,1.0391
1985_193376,1985,human,3.2521,4.7804,1.3406,2.0517,3.0036,3.9859,4.5472,43,42,69,111,54,73,90,102,12,24,36,12,19,31,78,109,1.2287,3.6086,4.8373,0.7546999999999999,1.2011000000000003,1.9558000000000002,0.7349999999999999,0.8314000000000004,1.5664000000000002
1975_18679,1975,algorithm,3.3169,4.743,1.6006,1.7239,3.1841,4.229,4.7904,53,52,59,111,56,82,99,110,4,28,32,15,9,24,84,108,1.4754466666666668,3.2757533333333333,4.7512,0.22907999999999995,1.5404200000000001,1.7695,0.96854,0.4505599999999994,1.4190999999999994
1975_19817,1975,algorithm,2.8498,4.1126,1.2419,2.0857,2.7152,3.5418,4.1581,52,51,56,107,67,79,94,106,16,14,30,13,10,23,81,104,1.1125666666666667,2.9992,4.111766666666666,0.9397,0.7093599999999998,1.6490599999999997,0.7649800000000004,0.4950799999999993,1.2600599999999997
1975_21385,1975,algorithm,2.6589,4.4112,1.2649,2.0406,2.4427,3.4592,4.4547,41,40,63,103,57,64,82,102,17,11,28,14,19,33,68,101,1.1328399999999998,3.25786,4.3907,0.8744000000000003,0.5495799999999997,1.42398,0.8542000000000001,0.9370599999999998,1.7912599999999999
1975_23318,1975,algorithm,3.1154,4.7955,1.4487,2.2792,2.9126,3.69,4.913,45,44,70,114,60,73,88,114,16,17,33,11,22,33,77,110,1.20938,3.49822,4.7076,0.9234999999999998,0.7841800000000001,1.7076799999999999,0.6349600000000004,1.0458599999999993,1.6808199999999998
1975_23345,1975,algorithm,2.6181,3.5926,1.1811,1.3422,2.2693,3.1774,3.6429,31,30,54,84,35,54,73,83,5,27,32,11,8,19,62,81,0.8608533333333335,2.5383133333333334,3.399166666666667,0.25604000000000005,1.2158599999999997,1.4718999999999998,0.6265800000000001,0.35602,0.9826000000000001
1975_24199,1975,algorithm,2.3169,3.5038,1.2741,1.5793,2.1974,2.9975,3.6194,44,43,50,93,50,63,79,93,7,16,23,13,10,23,66,89,1.1963933333333332,2.346373333333333,3.5427666666666666,0.3622200000000002,0.7299800000000001,1.0922000000000003,0.6989399999999999,0.4416199999999999,1.1405599999999998
1975_71218,1975,algorithm,3.07,4.0352,1.3842,2.0062,2.6433,3.2463,4.1698,50,49,53,102,62,74,85,102,13,20,33,3,13,16,82,98,1.2549933333333334,2.8130400000000004,4.068033333333334,0.7091000000000003,1.0285799999999998,1.7376800000000001,0.23995999999999995,0.7041999999999997,0.9441599999999997
1975_72611,1975,algorithm,2.613,3.7905,0.9595,1.4601,2.4025,3.2953,3.9915,29,28,62,90,38,56,74,90,10,22,32,14,10,24,60,84,0.7107933333333333,3.02474,3.735533333333333,0.5532199999999999,1.10168,1.6549,0.73862,0.43022000000000027,1.1688400000000003
1975_73541,1975,algorithm,2.8845,4.487,1.3635,1.9901,2.4161,3.7326,4.724,55,54,66,120,69,77,101,120,15,17,32,15,13,28,86,114,1.25038,3.38102,4.6314,0.7174399999999999,0.8363999999999998,1.5538399999999997,0.9233800000000003,0.6786400000000001,1.6020200000000004
1975_74785,1975,algorithm,3.4301,5.1386,1.5283,2.1882,2.812,4.2758,5.2808,44,43,67,110,55,65,90,110,12,21,33,14,16,30,76,106,1.3778599999999999,3.7838399999999996,5.1617,0.7531600000000003,1.1846799999999997,1.93784,0.9175,0.7963000000000005,1.7138000000000004
1975_74788,1975,algorithm,2.7873,4.145,1.2704,1.881,2.7627,3.3846,4.1469,45,44,65,109,59,79,92,109,15,20,35,13,16,29,79,108,1.14906,2.908973333333334,4.058033333333333,0.6860400000000002,0.8741199999999998,1.56016,0.64202,0.6908599999999998,1.3328799999999998
1975_74907,1975,algorithm,2.5657,3.8931,1.043,1.7806,2.2547,3.1921,3.8931,33,32,54,86,46,54,71,86,14,13,27,12,14,26,59,85,0.8926666666666667,2.8898333333333337,3.7825,0.84806,0.7114599999999998,1.5595199999999998,0.6893400000000001,0.6275400000000002,1.3168800000000003
1975_76203,1975,algorithm,2.7944,4.6769,1.1811,1.9261,2.6617,3.4806,4.7982,46,45,67,112,61,74,88,112,16,15,31,12,20,32,76,108,1.0904866666666666,3.640746666666667,4.731233333333333,0.8230600000000001,0.81752,1.6405800000000001,0.7722199999999999,1.1058999999999997,1.8781199999999996
1975_76602,1975,algorithm,2.7206,4.0686,1.4162,2.0381,2.5045,3.2988,4.1537,49,48,63,111,63,74,91,110,15,16,31,12,16,28,79,107,1.2508666666666668,2.8091333333333335,4.0600000000000005,0.7048800000000002,0.6372999999999998,1.34218,0.6353,0.7183200000000003,1.3536200000000003
1975_76848,1975,algorithm,2.8003,4.7133,1.3727,1.9873,2.7036,3.2421,4.7133,40,39,57,96,50,62,71,96,11,13,24,8,24,32,63,95,1.2233266666666667,3.3332066666666664,4.556533333333333,0.6766400000000004,0.7459399999999996,1.42258,0.5126600000000003,1.3748999999999993,1.8875599999999997
1975_77465,1975,algorithm,2.7153,4.5622,1.3766,2.0997,2.5845,3.0282,4.6779,41,40,60,100,54,62,70,99,14,11,25,5,26,31,65,96,1.1403533333333333,3.38318,4.523533333333333,0.82544,0.6055800000000002,1.4310200000000002,0.3148599999999999,1.4844600000000003,1.7993200000000003
1975_77601,1975,algorithm,3.5002,5.127,1.6572,2.59,3.0223,3.904,5.2995,58,57,67,124,75,82,97,123,18,15,33,7,21,28,90,118,1.5456466666666668,3.7102866666666667,5.255933333333333,1.0349,0.84998,1.8848799999999999,0.4657,1.1566799999999997,1.6223799999999997
1975_78695,1975,algorithm,2.9334,4.566,1.3292,2.2128,2.5542,3.4435,4.6183,43,42,61,103,59,65,81,102,17,13,30,9,19,28,72,100,1.1596666666666666,3.3605666666666663,4.5202333333333335,0.97272,0.6631200000000002,1.6358400000000002,0.5707599999999999,1.0662199999999995,1.6369799999999994
1975_79319,1975,algorithm,2.6111,4.2969,1.4449,1.6714,2.4613,3.4796,4.5169,35,34,54,88,39,52,69,88,5,16,21,14,14,28,55,83,1.3098266666666667,3.11604,4.425866666666666,0.34934,0.87656,1.2259,0.9503599999999999,0.77142,1.7217799999999999
1975_79809,1975,algorithm,2.939,4.346,1.4676,2.246,2.8234,3.5913,4.511,53,52,60,112,68,79,94,112,16,13,29,13,13,26,81,107,1.3330933333333335,3.0855733333333335,4.418666666666667,0.89588,0.6325599999999998,1.5284399999999998,0.7081200000000001,0.6911199999999997,1.3992399999999998
1975_80214,1975,algorithm,2.7759,4.1942,1.4638,1.5776,2.6546,2.998,4.3207,48,47,61,108,51,73,80,107,4,24,28,5,23,28,75,103,1.2703933333333333,2.92934,4.1997333333333335,0.19784000000000002,1.1522000000000001,1.3500400000000001,0.2814399999999999,1.1310799999999999,1.4125199999999998
1975_80550,1975,algorithm,2.6375,4.1127,1.0618,1.6477,2.3778,3.4661,4.1884,34,33,65,98,46,60,81,97,13,19,32,16,13,29,65,94,0.8953933333333333,3.163406666666667,4.0588,0.6345400000000001,0.9420000000000002,1.5765400000000003,0.8832199999999997,0.5839800000000004,1.4672
1975_80634,1975,algorithm,3.6328,5.379,1.7311,2.5824,3.1303,3.8489,5.3392,59,58,64,122,74,83,95,121,16,17,33,4,26,30,91,121,1.5992133333333334,3.6890866666666664,5.2883,0.9614000000000003,0.98658,1.9479800000000003,0.27453999999999956,1.446425,1.7209649999999996
1975_80979,1975,algorithm,2.8176,4.1354,1.4486,1.9852,2.7475,3.5552,4.3705,46,45,59,104,56,72,87,104,11,17,28,14,11,25,73,98,1.3002266666666666,2.9524733333333337,4.2527,0.6440800000000002,0.7686799999999998,1.41276,0.7937000000000003,0.5238799999999997,1.31758
1975_82459,1975,algorithm,2.9598,4.5392,1.3709,2.099,2.5863,4.0273,4.6368,45,44,59,103,58,66,91,103,14,15,29,18,9,27,73,100,1.18392,3.3039133333333335,4.487833333333334,0.83128,0.86192,1.6932,1.0759000000000003,0.4400599999999999,1.5159600000000002
1975_82542,1975,algorithm,2.8039,4.0949,1.2588,2.0247,2.6617,3.2477,4.2352,40,39,56,95,54,66,76,95,15,14,29,8,15,23,68,91,1.02956,3.01734,4.0469,0.8672400000000002,0.7319399999999998,1.59918,0.5066999999999999,0.7758799999999999,1.2825799999999998
1975_82835,1975,algorithm,2.8215,4.1128,1.1927,1.9417,2.5599,3.6312,4.2721,37,36,62,98,52,64,84,98,16,17,33,15,9,24,69,93,0.96808,3.120086666666666,4.088166666666666,0.8483399999999999,0.8243800000000001,1.67272,0.8593199999999999,0.4334800000000003,1.2928000000000002
1975_83066,1975,algorithm,2.8105,4.1608,1.3332,2.1297,2.49,3.3946,4.346,49,48,53,101,64,70,84,100,16,12,28,8,12,20,76,96,1.2517866666666666,3.08768,4.339466666666667,0.8988999999999998,0.6743600000000001,1.5732599999999999,0.5945400000000003,0.6969599999999998,1.2915
1975_85362,1975,algorithm,2.7628,4.7406,1.1662,1.4266,2.5959,3.161,4.9643,44,43,70,113,50,71,81,113,7,24,31,7,26,33,74,107,1.0178933333333333,3.8351733333333335,4.853066666666667,0.36404000000000014,1.2731799999999998,1.63722,0.46484000000000014,1.5117399999999996,1.9765799999999998
1975_85831,1975,algorithm,3.3243,4.9287,1.5417,2.4105,3.2352,3.8876,5.1107,49,48,63,111,64,79,89,111,16,16,32,9,17,26,80,106,1.1997533333333332,3.597813333333333,4.7975666666666665,0.9698599999999999,0.85378,1.82364,0.6273200000000001,0.9754200000000002,1.6027400000000003
1975_86568,1975,algorithm,2.5029,3.6291,0.9898,1.8051,2.3891,3.1305,3.6746,41,40,54,94,56,68,82,93,16,14,30,12,9,21,70,91,0.8675733333333333,2.7501933333333337,3.617766666666667,0.9085999999999999,0.6393600000000002,1.54796,0.68878,0.44014,1.12892
1975_87618,1975,algorithm,2.6129,4.2739,1.1339,2.0839,2.4764,3.5553,4.2739,38,37,60,97,58,65,81,96,21,9,30,14,14,28,67,95,0.9281133333333333,3.2054866666666664,4.1335999999999995,1.0447799999999998,0.47104000000000035,1.5158200000000002,0.9999799999999999,0.6571799999999999,1.6571599999999997
1975_88799,1975,algorithm,2.91,3.8238,1.2948,2.1782,2.6408,3.147,4.2996,51,50,56,106,67,75,85,106,17,13,30,5,11,16,80,96,1.17182,3.0437133333333337,4.215533333333334,0.99526,0.6580599999999999,1.65332,0.3152599999999999,0.6060600000000003,0.9213200000000001
1975_89201,1975,algorithm,2.7516,3.7093,1.4204,1.9684,2.6587,2.8877,3.8793,53,52,55,107,65,80,85,107,13,17,30,3,17,20,82,102,1.2704466666666667,2.4896866666666666,3.7601333333333335,0.6321399999999999,0.7536200000000002,1.38576,0.16724000000000006,0.7753399999999999,0.94258
1975_89918,1975,algorithm,2.8691,4.1661,1.2743,2.0233,2.7515,3.086,4.3501,42,41,61,102,57,71,78,102,16,16,32,5,19,24,73,97,1.04044,3.0894933333333334,4.129933333333334,0.8406799999999999,0.7813800000000004,1.6220600000000003,0.2740999999999998,1.0195400000000001,1.29364
1976_1438,1976,algorithm,2.5033,3.6013,1.1644,1.7106,2.4065,3.1162,3.643,36,35,55,90,46,60,76,89,11,16,27,14,11,25,62,87,0.9168533333333333,2.5510466666666662,3.4678999999999998,0.6426400000000001,0.7331399999999999,1.37578,0.6596000000000002,0.4323999999999999,1.092
1976_4134,1976,algorithm,2.8407,3.9026,1.5152,2.0044,2.5543,3.2029,4.1624,59,58,57,115,69,80,94,115,11,17,28,8,14,22,86,108,1.3802866666666667,2.6744466666666664,4.054733333333333,0.5813999999999999,0.7835399999999999,1.3649399999999998,0.41354000000000024,0.64378,1.0573200000000003
1976_5022,1976,algorithm,2.3171,3.3581,1.1358,1.8639,2.1269,2.494,3.6387,33,32,56,88,49,55,63,88,17,10,27,4,17,21,59,80,0.8835666666666667,2.524866666666666,3.408433333333333,0.8045599999999999,0.4040799999999998,1.2086399999999997,0.24504000000000037,0.7938199999999997,1.0388600000000001
1976_5923,1976,algorithm,2.5082,3.7689,1.3005,1.5754,2.3773,3.0655,3.8656,53,52,55,107,58,74,89,106,6,19,25,12,13,25,77,102,1.22096,2.5845733333333336,3.8055333333333334,0.3340000000000001,0.87168,1.20568,0.6112199999999999,0.64052,1.2517399999999999
1976_5977,1976,algorithm,2.9063,3.9831,1.5963,1.8503,2.8077,3.3049,4.2428,59,58,58,116,64,82,94,116,6,20,26,10,14,24,84,108,1.4551466666666666,2.6884866666666665,4.143633333333333,0.37129999999999996,0.9900599999999999,1.36136,0.45454000000000017,0.6198199999999998,1.07436
1976_7075,1976,algorithm,3.3349,4.5445,1.7746,2.3509,2.9557,3.534,4.6962,61,60,56,116,71,82,94,116,11,19,30,4,18,22,90,112,1.65656,2.956206666666666,4.6127666666666665,0.69082,0.9229400000000001,1.61376,0.25366,0.9449599999999996,1.1986199999999996
1976_7956,1976,algorithm,3.2008,4.1337,1.7141,1.8336,2.8101,3.6179,4.4807,51,50,63,113,54,73,92,113,4,28,32,10,12,22,82,104,1.55042,2.811446666666667,4.361866666666667,0.22946,1.31002,1.53948,0.46708000000000016,0.46797999999999984,0.93506
1976_8291,1976,algorithm,3.2183,4.3448,1.4679,2.1013,2.6437,3.4833,4.6084,52,51,56,107,64,72,87,107,13,18,31,5,14,19,82,101,1.3821400000000001,3.1598933333333328,4.542033333333333,0.7396,1.03776,1.77736,0.34095999999999993,0.7961799999999997,1.1371399999999996
1976_8654,1976,algorithm,2.9543,4.3519,1.4411,1.8943,2.4408,3.5934,4.582,44,43,62,105,51,61,85,104,8,21,29,13,14,27,72,99,1.2854933333333336,3.1769066666666665,4.4624,0.5085799999999998,1,1.5085799999999998,0.6980599999999999,0.6987799999999997,1.3968399999999996
1976_9243,1976,algorithm,2.6835,4.0187,1.4413,1.8794,2.4142,3.2714,4.2349,59,58,56,114,68,78,94,113,10,15,25,11,14,25,83,108,1.35788,2.8738533333333334,4.231733333333334,0.52942,0.74424,1.27366,0.6459600000000001,0.6933599999999998,1.3393199999999998
1976_9490,1976,algorithm,2.9767,4.0499,1.5073,2.0913,2.5369,3.629,4.4575,54,53,61,114,64,73,95,113,11,19,30,12,9,21,83,104,1.3302066666666665,3.026793333333334,4.357,0.6848400000000001,0.8289200000000001,1.5137600000000002,0.7134199999999997,0.36961999999999984,1.0830399999999996
1976_9829,1976,algorithm,2.5716,3.8042,1.5285,1.9058,2.3876,2.8465,4.0697,55,54,56,110,63,73,83,110,9,15,24,5,20,25,78,103,1.2891866666666667,2.5757133333333337,3.8649000000000004,0.47255999999999987,0.6640600000000001,1.13662,0.2782199999999997,0.9146400000000003,1.19286
1976_11876,1976,algorithm,2.6013,3.9873,1.6343,1.9965,2.5255,3.4252,4.1578,59,58,54,112,67,79,96,112,9,13,22,16,12,28,80,108,1.4503733333333335,2.5587933333333335,4.009166666666667,0.4536199999999999,0.5566599999999999,1.0102799999999998,0.8753800000000003,0.5468799999999998,1.42226
1976_11879,1976,algorithm,2.5499,3.3576,1.3157,1.4977,2.1973,2.6618,3.5762,36,35,50,85,40,54,65,85,5,22,27,3,15,18,62,80,1.0437133333333333,2.30692,3.3506333333333336,0.2825,1.00786,1.29036,0.16081999999999974,0.68344,0.8442599999999998
1976_12733,1976,algorithm,2.3003,3.2504,1.1928,1.483,2.105,2.6124,3.3111,30,29,46,75,36,49,60,74,7,17,24,7,12,19,53,72,0.9250133333333334,2.193286666666667,3.1183,0.36544,0.7674799999999999,1.13292,0.35817999999999994,0.5953400000000002,0.9535200000000001
1976_12842,1976,algorithm,2.9508,4.3163,1.5152,2.0292,2.3838,3.2599,4.3959,46,45,58,103,56,62,79,102,11,17,28,6,20,26,73,99,1.3243,2.9672666666666667,4.291566666666666,0.6277399999999997,0.85982,1.4875599999999998,0.36524,0.9922200000000005,1.3574600000000006
1976_13692,1976,algorithm,2.6148,3.6463,1.2704,2.0127,2.3436,2.8404,4.0047,42,41,53,94,56,62,72,94,15,11,26,5,15,20,67,87,1.13982,2.75228,3.8921,0.8311200000000001,0.5428599999999997,1.3739799999999998,0.27757999999999994,0.7615200000000004,1.0391000000000004
1976_14181,1976,algorithm,2.2777,3.482,1.1758,1.5748,2.129,2.5492,3.7684,30,29,56,85,39,51,60,85,10,15,25,6,18,24,54,78,0.7907066666666667,2.6331266666666666,3.4238333333333335,0.5057799999999999,0.6432400000000003,1.1490200000000002,0.3307199999999999,0.8759199999999998,1.2066399999999997
1976_14301,1976,algorithm,2.5329,3.5453,1.2646,1.3992,2.2125,3.0685,3.6814,39,38,49,87,42,57,75,87,4,22,26,11,8,19,64,83,1.0540533333333333,2.46118,3.515233333333333,0.23794000000000004,1.0861,1.32404,0.6088,0.3973,1.0061
1976_14341,1976,algorithm,3.1404,4.265,1.6214,2.0564,2.545,3.6145,4.3048,47,46,54,100,56,65,85,99,10,22,32,7,12,19,78,97,1.4569999999999999,2.763866666666667,4.220866666666667,0.5417399999999999,1.0853800000000002,1.6271200000000001,0.47140000000000004,0.5876600000000001,1.0590600000000001
1976_14561,1976,algorithm,2.5886,4.0033,1.2289,2.5884,2.5884,2.7972,4.3314,47,46,60,106,76,76,79,106,30,2,30,3,19,22,76,98,1.1055133333333333,3.1392533333333335,4.244766666666667,1.4654200000000002,0.12769999999999992,1.4654200000000002,0.2126999999999999,1.14546,1.3581599999999998
1976_14817,1976,algorithm,2.4495,3.3899,1.1982,1.3935,2.2732,2.679,3.6478,28,27,51,78,32,48,56,77,5,19,24,5,14,19,51,70,0.8423933333333333,2.5201733333333336,3.362566666666667,0.29637999999999987,0.9879,1.2842799999999999,0.2980200000000002,0.6473999999999998,0.9454199999999999
1976_15680,1976,algorithm,2.4477,3.8602,0.9859,1.0997,2.3513,2.825,4.1699,19,18,66,84,22,46,55,83,4,25,29,8,21,29,47,76,0.6899266666666667,3.26494,3.9548666666666668,0.21158,1.27756,1.48914,0.44638,0.98054,1.42692
1976_16015,1976,algorithm,2.4101,3.4549,1.06,1.5378,2.2299,2.5542,3.7753,37,36,60,96,47,62,70,96,11,19,30,4,18,22,66,88,0.9318933333333334,2.75934,3.6912333333333334,0.5844200000000002,0.8171799999999998,1.4016,0.19680000000000009,0.8456999999999999,1.0425
1976_16805,1976,algorithm,2.2777,3.5673,0.9615,1.5855,1.964,2.7366,3.7076,24,23,57,80,35,42,60,79,12,15,27,10,15,25,50,75,0.7075266666666666,2.7965066666666667,3.504033333333333,0.6815799999999999,0.6329,1.3144799999999999,0.5146999999999999,0.7703000000000002,1.2850000000000001
1976_17029,1976,algorithm,2.3421,3.5122,1.0867,1.4713,2.0008,2.5659,3.6943,32,31,55,86,40,50,62,86,9,17,26,5,20,25,57,82,0.8262533333333333,2.6329133333333337,3.459166666666667,0.4694800000000001,0.8219999999999998,1.29148,0.28674,0.9182800000000002,1.2050200000000002
1976_22882,1976,algorithm,2.3851,3.9113,1.2646,1.4447,2.1538,3.0108,4.1976,30,29,57,86,34,47,62,86,5,18,23,10,17,27,52,79,1.0422733333333334,2.9701600000000004,4.012433333333334,0.27898,0.9322600000000001,1.21124,0.6346799999999999,0.8425600000000002,1.47724
1976_24026,1976,algorithm,2.5215,3.4448,1.1508,1.5944,2.4134,2.6978,3.9377,34,33,58,91,43,60,66,91,10,19,29,4,14,18,62,80,0.9675466666666666,2.82482,3.7923666666666667,0.5476800000000002,0.87382,1.4215000000000002,0.22814000000000023,0.6920999999999995,0.9202399999999997
1977_116117,1977,algorithm,2.3135,3.4721,0.9576,1.1871,1.8811,2.9506,3.6162,25,24,55,79,31,44,64,78,7,21,28,12,10,22,52,74,0.6983533333333334,2.7332466666666666,3.4316,0.3180399999999999,1.07394,1.3919799999999998,0.6939600000000001,0.47338000000000013,1.1673400000000003
1977_121182,1977,algorithm,2.7159,3.7344,1.2499,1.8663,2.6344,2.9966,3.7344,40,39,57,96,53,70,78,95,14,18,32,7,16,23,71,94,0.9886533333333334,2.5533799999999998,3.5420333333333334,0.6997599999999999,0.80148,1.50124,0.34806000000000026,0.6714199999999999,1.0194800000000002
1977_121697,1977,algorithm,3.002,4.2461,1.5304,2.0709,2.9603,3.3908,4.3387,47,46,60,106,60,77,85,105,14,17,31,8,17,25,77,102,1.3411933333333332,2.8782066666666664,4.219399999999999,0.6332,0.8727399999999998,1.5059399999999998,0.4352800000000001,0.8075200000000007,1.2428000000000008
1977_122470,1977,algorithm,2.4401,3.5037,1.094,1.2305,2.3642,3.0638,3.6488,34,33,49,82,36,57,70,82,3,22,25,12,8,20,58,78,0.8560466666666666,2.531486666666667,3.3875333333333337,0.17384,1.1572799999999999,1.3311199999999999,0.6711600000000004,0.39485999999999954,1.06602
1977_122689,1977,algorithm,2.6071,3.7296,1.3026,1.6894,2.5351,2.822,3.9287,49,48,56,104,57,74,80,104,9,18,27,5,18,23,75,98,1.1745666666666668,2.653033333333333,3.8276,0.4842599999999999,0.8555000000000001,1.33976,0.26861999999999986,0.85222,1.1208399999999998
1977_124822,1977,algorithm,2.5237,3.413,1.1718,1.5245,2.4137,2.9408,3.5865,39,38,54,92,47,65,77,92,9,20,29,10,10,20,67,87,0.9473133333333333,2.4343866666666667,3.3817000000000004,0.43230000000000013,0.9521999999999997,1.3844999999999998,0.4547600000000003,0.4320599999999999,0.8868200000000002
1977_125187,1977,algorithm,3.1514,4.6076,1.4221,2.0421,2.5446,4.0596,4.753,40,39,58,97,50,58,84,97,11,18,29,16,9,25,68,93,1.1488133333333335,3.3200866666666666,4.4689000000000005,0.6890400000000001,1.0417,1.7307400000000002,0.9772599999999994,0.4734600000000002,1.4507199999999996
1977_125839,1977,algorithm,2.952,4.1673,1.2911,1.8334,2.6206,3.1871,4.5331,47,46,61,107,57,71,82,107,11,20,31,5,17,22,77,99,1.1104333333333334,3.2977,4.408133333333334,0.6584399999999999,1.0596800000000002,1.71812,0.28961999999999977,0.92292,1.2125399999999997
1977_126028,1977,algorithm,3.4257,4.6826,1.6057,2.0759,3.2722,3.6362,5.2741,47,46,66,112,55,73,79,112,9,20,29,4,20,24,75,99,1.33922,3.7221133333333336,5.061333333333334,0.6044800000000001,1.27996,1.8844400000000001,0.2767999999999997,0.9799000000000002,1.2567
1977_126116,1977,algorithm,2.9672,4.3987,1.7405,2.3416,2.6146,3.7559,4.8352,65,64,57,121,78,83,102,121,14,11,25,13,10,23,89,112,1.6191466666666667,3.121553333333333,4.7406999999999995,0.6963999999999999,0.5678399999999999,1.2642399999999998,0.8588800000000001,0.5748799999999998,1.43376
1977_126183,1977,algorithm,2.8896,3.9419,1.7008,2.1463,3.3143,2.9484,4.2927,55,54,52,106,63,84,77,106,9,12,21,2,20,22,75,97,1.5532533333333334,2.6465466666666666,4.199800000000001,0.5687399999999998,0.67306,1.2417999999999998,0.11074000000000028,0.9510599999999996,1.0617999999999999
1977_126210,1977,algorithm,3.2102,4.6532,1.7445,2.5181,2.8044,3.726,4.8713,60,59,57,116,74,79,95,116,15,12,27,9,15,24,86,110,1.5773333333333335,3.166733333333333,4.744066666666667,0.8747400000000001,0.6327399999999996,1.5074799999999997,0.58182,0.8659600000000003,1.4477800000000003
1977_127142,1977,algorithm,2.8305,4.0457,1.2607,2.1131,2.5499,3.5666,4.0969,47,46,53,99,62,70,88,98,16,13,29,13,8,21,75,96,1.04786,2.90244,3.9503,0.952,0.65964,1.61164,0.8107600000000001,0.39982000000000006,1.2105800000000002
1977_128041,1977,algorithm,3.0204,4.3173,1.7557,2.0989,2.8721,3.1815,4.3644,65,64,58,122,73,89,96,121,9,19,28,4,23,27,92,119,1.6140466666666669,2.7012199999999997,4.315266666666666,0.4509999999999996,0.8596800000000004,1.31068,0.20435999999999988,1.0947200000000001,1.29908
1977_130125,1977,algorithm,2.738,4.2359,1.3785,2.0724,2.628,3.6002,4.7194,59,58,67,125,74,86,103,125,16,15,31,14,11,25,89,114,1.28586,3.3640066666666666,4.649866666666666,0.7767800000000002,0.6597399999999998,1.43652,0.8755999999999999,0.5793800000000005,1.4549800000000004
1977_133971,1977,algorithm,3.0495,4.4283,1.4963,2.3289,2.9263,3.5546,4.5667,58,57,60,117,75,86,98,117,18,13,31,10,15,25,88,113,1.3644466666666666,3.0970199999999997,4.4614666666666665,0.9258400000000002,0.6597799999999996,1.5856199999999998,0.5719000000000003,0.8040200000000004,1.3759200000000007
1977_135491,1977,algorithm,2.9428,3.8814,1.3197,1.7646,2.7987,3.1021,4.109,37,36,54,90,45,64,70,90,9,21,30,4,14,18,66,84,0.9650266666666667,2.782073333333333,3.7470999999999997,0.5007599999999999,1.11488,1.61564,0.22291999999999978,0.7220600000000004,0.9449800000000002
1977_139537,1977,algorithm,3.1688,4.1701,1.8433,2.3723,3.055,3.4378,4.208,62,61,50,111,72,86,94,110,11,16,27,6,14,20,88,108,1.7087666666666668,2.4347666666666665,4.143533333333333,0.6223799999999999,0.7422200000000001,1.3646,0.32498000000000005,0.6703799999999998,0.9953599999999998
1986_311501,1986,algorithm,2.5508,3.7588,1.0658,1.2801,2.382,2.8955,3.8404,38,37,60,97,43,66,77,96,6,27,33,7,16,23,70,93,0.9376133333333333,2.8496533333333334,3.7872666666666666,0.30508,1.2232399999999999,1.52832,0.39424000000000037,0.8084999999999996,1.20274
1986_339871,1986,algorithm,2.5275,3.6974,1.2495,1.8298,2.1464,3.0869,3.6974,45,44,56,100,58,65,86,100,14,17,31,11,13,24,75,99,1.1210733333333334,2.482026666666667,3.6031,0.6712400000000001,0.6569199999999997,1.3281599999999998,0.5973800000000002,0.5396200000000002,1.1370000000000005
1986_343050,1986,algorithm,2.8011,4.3315,1.2289,2.0673,2.5944,3.1709,4.5212,39,38,62,100,54,64,75,100,16,14,30,7,20,27,68,95,1.0821066666666666,3.3329933333333335,4.415100000000001,0.9566399999999999,0.6663600000000001,1.623,0.43545999999999996,1.0885599999999998,1.5240199999999997
1986_343558,1986,algorithm,2.7572,4.005,1.3976,1.773,2.5846,3.4405,4.2363,41,40,58,98,49,65,81,98,9,19,28,13,11,24,68,92,1.18322,2.878846666666667,4.062066666666667,0.47096000000000005,0.9298200000000001,1.4007800000000001,0.7370399999999999,0.5193400000000001,1.25638
1986_381116,1986,algorithm,2.5277,4.0409,1.3691,1.8828,2.376,3.2924,4.1448,46,45,59,104,57,67,85,103,12,13,25,15,15,30,70,100,1.22142,2.8699466666666664,4.091366666666667,0.6226,0.58572,1.20832,0.8212000000000002,0.6944399999999997,1.5156399999999999
1986_381571,1986,algorithm,2.9634,4.2792,1.3841,2.0477,2.6221,3.3183,4.3247,45,44,60,104,58,69,83,103,14,18,32,7,18,25,76,101,1.26008,2.999086666666667,4.259166666666666,0.7493000000000001,0.85812,1.60742,0.4101399999999997,0.9081600000000001,1.3182999999999998
1986_382884,1986,algorithm,2.6258,4.0761,1.3233,1.9945,2.5499,3.3975,4.0742,40,39,54,93,53,65,81,93,14,13,27,15,12,27,66,93,1.2041533333333334,2.78918,3.9933333333333336,0.7732399999999997,0.5686800000000001,1.3419199999999998,0.8468200000000001,0.6004400000000003,1.4472600000000004
1986_392051,1986,algorithm,2.3323,3.5022,1.0998000000000001,1.608,2.1977,2.6964,3.6274,40,39,59,98,52,65,76,98,13,16,29,8,19,27,68,95,0.9649333333333333,2.5671,3.5320333333333336,0.6011200000000001,0.6758000000000002,1.2769200000000003,0.40769999999999973,0.8012200000000003,1.20892
1987_452823,1987,algorithm,3.0269,4.1136,1.4034,2.0919,2.6779,3.6394,4.252,47,46,56,102,60,71,90,102,14,18,32,12,9,21,78,99,1.27814,2.8935933333333335,4.171733333333334,0.8041400000000001,0.86938,1.6735200000000001,0.6713399999999998,0.45716,1.1284999999999998
1987_453507,1987,algorithm,2.6569,4.1342,1.1796,1.9609,2.5336,3.3616,4.5078,42,41,70,111,57,68,84,111,16,13,29,14,18,32,70,102,1.0590733333333333,3.36046,4.419533333333333,0.8791200000000001,0.6395399999999998,1.51866,0.75366,0.7254400000000003,1.4791000000000003
1987_454347,1987,algorithm,2.5517,3.8996,1.2379,1.6569,2.182,2.8171,4.0323,42,41,60,101,51,62,76,101,10,19,29,6,21,27,70,97,1.1337933333333334,2.8240733333333337,3.957866666666667,0.50396,0.8382399999999999,1.3421999999999998,0.32086000000000015,1.03282,1.3536800000000002
1987_455666,1987,algorithm,2.4443,3.6656,1.1359,1.6441,2.1808,3.2458,3.7212,36,35,55,90,46,57,79,89,11,17,28,16,8,24,63,87,1.0323733333333334,2.660593333333334,3.692966666666667,0.6106,0.7406999999999999,1.3513,0.8642599999999998,0.36430000000000007,1.2285599999999999
1987_456023,1987,algorithm,2.3754,3.636,1.0029,1.7422,2.2332,2.9744,3.8844,33,32,61,93,48,58,74,93,16,13,29,13,12,25,61,86,0.8466266666666667,2.9145399999999997,3.7611666666666665,0.8421,0.5672199999999998,1.4093199999999997,0.6642399999999999,0.5941000000000001,1.25834
1987_470421,1987,algorithm,2.4707,3.6387,1.0467,1.1673,2.3259,2.6679,3.7297,39,38,60,98,42,64,72,97,4,25,29,5,22,27,67,94,0.9590199999999999,2.7503466666666667,3.7093666666666665,0.21223999999999998,1.23602,1.4482599999999999,0.25522,0.9198000000000004,1.1750200000000004
1987_474205,1987,algorithm,2.7613,3.6431,0.9103,1.5418,2.6665,3.171,3.812,29,28,63,91,42,66,77,90,14,26,40,9,10,19,68,87,0.7478266666666666,2.9821066666666667,3.7299333333333333,0.73016,1.1652000000000002,1.8953600000000002,0.45946,0.4668399999999999,0.9262999999999999
1987_478908,1987,algorithm,2.3017,3.6327,0.7849,1.1414,2.2126,3.0392,3.8303,35,34,68,102,42,65,84,102,8,26,34,16,13,29,68,97,0.7448800000000001,3.03092,3.7758,0.40879999999999983,1.14552,1.55432,0.7450999999999999,0.54264,1.2877399999999999
1987_485429,1987,algorithm,2.5144,3.9175,0.9329,1.7318,2.1806,3.1667,4.0297,34,33,60,93,49,58,76,92,16,16,32,11,13,24,65,89,0.82776,3.186206666666666,4.013966666666667,0.89324,0.7204599999999999,1.6137,0.71522,0.6947200000000002,1.4099400000000002
1987_486396,1987,algorithm,2.8289,4.2983,0.9708,1.6742,2.4041,3.1702,4.5283,16,15,61,76,27,39,52,76,12,19,31,6,19,25,46,71,0.5954733333333333,3.59536,4.190833333333333,0.8247800000000001,1.0803599999999998,1.9051399999999998,0.40156000000000036,1.0762800000000001,1.4778400000000005
1987_489815,1987,algorithm,3.2553,4.4308,0.8475,1.7045,3.0449,3.7185,4.6508,31,30,70,100,46,68,81,100,16,26,42,9,13,22,72,94,0.7390866666666667,3.843913333333334,4.583,0.98062,1.4743000000000002,2.4549200000000004,0.53322,0.6433199999999992,1.1765399999999993
1987_490267,1987,algorithm,2.8159,4.0863,1.2515,1.9095,2.2299,3.0927,4.2949,38,37,61,98,51,57,74,98,14,17,31,6,19,25,68,93,1.0818599999999998,3.072706666666667,4.154566666666667,0.7583,0.8512599999999999,1.6095599999999999,0.3298800000000002,0.9382199999999998,1.2681
1987_494471,1987,algorithm,2.4553,3.4621,1.0997,2.4155,3.0468,2.6278,3.5132,39,38,56,94,70,80,73,93,32,2,32,3,17,20,70,90,0.9621866666666666,2.47788,3.4400666666666666,1.4227200000000002,0.12159999999999993,1.4227200000000002,0.2171599999999998,0.7558600000000002,0.97302
1987_496790,1987,algorithm,2.5651,4.169,1.0996,1.7101,2.3206,2.9955,4.4211,37,36,64,100,49,61,74,100,13,17,30,8,20,28,66,94,0.9679266666666667,3.349406666666667,4.317333333333333,0.7025199999999998,0.7926200000000001,1.49514,0.50528,1.1006999999999998,1.6059799999999997
1987_496880,1987,algorithm,3.0998,4.4781,1.3347,2.2334,2.9367,3.4714,4.8174,45,44,61,105,61,73,81,105,17,14,31,6,17,23,75,98,1.2241666666666666,3.5226000000000006,4.746766666666667,1.0061799999999999,0.8142800000000001,1.82046,0.43055999999999983,0.94218,1.3727399999999998
1987_521302,1987,algorithm,3.7925,4.898,1.3046,3.2028,3.6162,4.1243,5.0251,41,40,80,120,81,89,99,120,41,11,52,7,16,23,92,115,1.18464,3.75636,4.941,1.9971400000000001,0.5270799999999998,2.5242199999999997,0.39129999999999976,0.7196200000000008,1.1109200000000006
1987_521611,1987,algorithm,2.6586,3.7982,1.2724,1.7882,2.4974,2.8216,3.9693,44,43,61,104,55,70,77,104,12,18,30,4,22,26,73,99,1.1285866666666666,2.7189133333333335,3.8475,0.59768,0.8185600000000002,1.4162400000000002,0.20455999999999985,0.93208,1.1366399999999999
1987_531974,1987,algorithm,3.2517,4.4879,1.2248000000000001,2.3359,3.0204,3.6574,4.759,39,38,68,106,60,73,85,106,22,17,39,8,14,22,77,99,1.0383399999999998,3.559993333333334,4.598333333333334,1.1996,0.85284,2.05244,0.4775800000000001,0.7582599999999999,1.23584
1987_533104,1987,algorithm,2.4721,4.0133,1.0597,1.691,2.3602,3.4105,4.2002,32,31,67,98,46,61,81,98,15,17,32,18,12,30,63,93,0.8510733333333333,3.1771599999999998,4.0282333333333336,0.7268400000000002,0.7283999999999999,1.45524,0.9959199999999999,0.5452599999999999,1.5411799999999998
1987_536489,1987,algorithm,2.2144,3.3272,1.1584,1.547,1.9091,2.6656,3.5016,39,38,58,96,47,55,74,96,9,16,25,11,16,27,63,90,1.0833733333333333,2.33546,3.418833333333333,0.43228,0.6183200000000002,1.0506000000000002,0.5065799999999996,0.6071400000000002,1.1137199999999998
1987_536534,1987,algorithm,2.4419,3.6401,1.1963,1.7233,2.1719,3.0448,3.951,43,42,69,111,55,66,89,111,13,19,32,15,14,29,74,103,1.0802866666666666,2.7917133333333335,3.8720000000000003,0.6066800000000001,0.6805799999999997,1.2872599999999998,0.6492,0.5561400000000001,1.20534
1987_538126,1987,algorithm,3.0358,4.384,1.443,1.7578,2.9296,3.2045,4.5141,47,46,60,106,52,73,79,105,6,23,29,4,23,27,75,102,1.3445799999999999,3.1017200000000003,4.4463,0.38216000000000006,1.21396,1.59612,0.21195999999999993,1.1668600000000002,1.3788200000000002
1987_543229,1987,algorithm,2.215,3.3776,0.9312,1.5987,2.1411,2.3819,3.6203,36,35,57,92,49,61,66,92,14,13,27,4,20,24,62,86,0.81618,2.7135866666666666,3.5297666666666667,0.75612,0.55992,1.31604,0.21275999999999984,0.9509400000000001,1.1637
1987_549070,1987,algorithm,2.8856,4.2716,1.2779,1.4921,2.6581,3.3122,4.5289,40,39,59,98,44,63,75,97,5,23,28,8,16,24,67,91,1.1423533333333333,3.328113333333333,4.470466666666667,0.33226,1.31572,1.64798,0.4918,0.9000600000000003,1.3918600000000003
1988_600001,1988,algorithm,2.5972,3.8958,1.456,1.837,2.3091,3.0522,4.2238,46,45,54,99,53,62,77,99,8,15,23,9,14,23,68,91,1.3557866666666667,2.7595799999999997,4.115366666666667,0.43533999999999984,0.6984000000000001,1.13374,0.5230999999999999,0.7736000000000001,1.2967
1988_624379,1988,algorithm,2.8857,4.5902,1.4087,2.1216,2.681,3.3654,4.8519,46,45,65,110,59,69,82,110,14,14,28,9,22,31,73,104,1.27584,3.476793333333333,4.752633333333334,0.8202199999999997,0.7045600000000003,1.52478,0.5384799999999998,1.1643400000000002,1.70282
1988_633759,1988,algorithm,2.8687,3.9646,1.1395,1.3291,2.5274,3.2232,4.0158,38,37,59,96,42,65,79,95,5,30,35,7,14,21,72,93,1.0231066666666666,2.97056,3.9936666666666665,0.2855399999999999,1.4891999999999999,1.7747399999999998,0.40834000000000037,0.6859999999999999,1.0943400000000003
1988_641540,1988,algorithm,2.691,3.8326,1.2933,1.8338,2.5753,3.33,3.8819,44,43,54,97,54,69,84,96,11,17,28,13,10,23,71,94,1.1798,2.678366666666667,3.8581666666666665,0.6394600000000001,0.80138,1.4408400000000001,0.6870400000000001,0.4522199999999996,1.1392599999999997
1988_642134,1988,algorithm,2.8464,4.0885,1.2421,2.0215,2.7137,2.9564,4.134,42,41,58,99,57,70,75,98,16,16,32,2,21,23,73,96,1.1103733333333334,2.973726666666667,4.0841,0.8795200000000001,0.8146800000000001,1.6942000000000002,0.11567999999999978,1.0771200000000003,1.1928
1988_659137,1988,algorithm,2.7166,4.1744,1.4104,1.8825,2.618,3.4692,4.2825,39,38,58,96,47,62,79,95,9,17,26,15,13,28,64,92,1.2242533333333334,2.911646666666666,4.1358999999999995,0.5292999999999999,0.7746,1.3038999999999998,0.81488,0.6433199999999997,1.4581999999999997
1988_663590,1988,algorithm,2.6416,4.0847,1.4943,1.9893,2.3742,3.1077,4.2495,46,45,54,99,55,62,77,98,10,13,23,9,17,26,68,94,1.3442666666666665,2.8469666666666673,4.191233333333334,0.60798,0.58622,1.1942,0.5272000000000001,0.9154399999999998,1.44264
1988_668342,1988,algorithm,2.818,4.3389,1.282,1.8319,2.3214,3.0702,4.6044,46,45,70,115,56,66,83,115,11,21,32,6,25,31,77,108,1.2117866666666668,3.30918,4.520966666666666,0.59792,0.9271399999999999,1.5250599999999999,0.30920000000000014,1.2164399999999995,1.5256399999999997
1988_682128,1988,algorithm,2.8952,4.2868,1.3367,2.1216,2.6203,3.3995,4.4295,49,48,61,109,63,73,89,109,15,16,31,10,16,26,79,105,1.24164,3.1248600000000004,4.3665,0.8759999999999999,0.7212399999999999,1.5972399999999998,0.5600000000000005,0.8299000000000003,1.3899000000000008
1988_691830,1988,algorithm,2.6129,3.851,1.1737,1.6003,2.3777,3.3239,3.9003,41,40,57,97,50,66,85,96,10,21,31,14,9,23,71,94,1.04652,2.8006800000000003,3.8472000000000004,0.5203,0.9564000000000001,1.4767000000000001,0.7732199999999998,0.4630200000000002,1.23624
1990_797275,1990,algorithm,2.5784,4.1633,1.1129,1.2494,2.4737,3.4569,4.1633,39,38,63,101,42,67,85,100,4,27,31,16,14,30,69,99,1.0039,3.1158333333333332,4.1197333333333335,0.21995999999999993,1.28214,1.5021,0.9281999999999999,0.6492999999999998,1.5774999999999997
1991_835526,1991,algorithm,2.5107,3.8836,1.1188,1.5057,2.2907,2.8653,4.0691,38,37,59,96,45,60,72,96,8,21,29,6,19,25,66,91,0.9994799999999999,2.981986666666667,3.9814666666666665,0.48994000000000004,0.9867199999999998,1.4766599999999999,0.3566600000000002,0.9770400000000001,1.3337000000000003
1996_908415,1996,algorithm,2.8069,3.8975,1.2309,2.0659,2.7216,3.3058,3.8961,39,38,51,89,54,66,77,88,16,13,29,10,11,21,67,88,1.0866,2.756466666666667,3.843066666666667,0.9371800000000001,0.6796199999999999,1.6168,0.57266,0.5441150000000001,1.116775
1996_903284,1996,algorithm,2.9206,4.2083,1.2024,2.0222,2.8466,3.6489,4.2566,40,39,63,102,55,71,87,101,16,17,33,15,12,27,72,99,1.1014066666666664,3.130326666666667,4.231733333333334,0.9221400000000002,0.8344200000000002,1.7565600000000003,0.7862199999999997,0.5024799999999998,1.2886999999999995
1996_909231,1996,algorithm,3.0788,4.4854,1.1678,1.9845,2.7428,3.5584,4.5726,34,33,61,94,47,60,75,94,14,19,33,9,16,25,66,91,1.0069000000000001,3.3948,4.4017,0.8741000000000001,1.02358,1.89768,0.5462199999999999,0.8640999999999996,1.4103199999999996
1996_912385,1996,algorithm,2.5639,3.6809,1.2194,1.7883,2.3212,2.928,3.7378,41,40,52,92,53,64,76,91,13,16,29,7,13,20,69,89,1.0445466666666665,2.5883200000000004,3.6328666666666667,0.6578200000000001,0.7458799999999999,1.4037,0.40666,0.69476,1.10142
1996_914801,1996,algorithm,2.8815,4.0171,1.2133,1.6493,2.6104,3.5811,4.1026,40,39,64,103,49,69,90,102,10,26,36,15,9,24,75,99,1.1012133333333334,2.9684199999999996,4.069633333333333,0.5254599999999998,1.1753399999999998,1.7007999999999996,0.7443600000000004,0.3943399999999997,1.1387
1996_929999,1996,algorithm,3.1111,4.6543,1.6494,2.0343,2.876,4.1785,4.6543,49,48,53,101,56,71,92,101,8,19,27,17,8,25,75,100,1.5278133333333332,3.05002,4.577833333333333,0.4898800000000001,1.0218600000000002,1.5117400000000003,1.15244,0.36831499999999995,1.5207549999999999
1996_937642,1996,algorithm,2.7079,3.8798,1.28,1.6422,2.6017,3.0568,3.9867,42,41,62,103,51,72,82,103,10,23,33,8,18,26,74,100,1.1300466666666666,2.7316200000000004,3.861666666666667,0.4479200000000001,1.0163799999999998,1.4643,0.4067000000000003,0.7933999999999997,1.2001
1996_938480,1996,algorithm,2.7038,3.851,1.0827,1.6894,2.463,2.8764,3.887,35,34,58,92,47,62,71,92,13,20,33,4,19,23,67,90,0.92654,2.8415933333333334,3.7681333333333336,0.71092,0.9566199999999998,1.6675399999999998,0.22092,0.9169800000000001,1.1379000000000001
1996_947058,1996,algorithm,2.6238,3.9282,1.128,1.3661,2.4968,3.277,4.0623,40,39,62,101,46,68,83,100,7,24,31,13,13,26,70,96,1.0318266666666667,3.0107066666666666,4.042533333333334,0.3218399999999999,1.2096000000000002,1.5314400000000001,0.7125999999999997,0.5920200000000002,1.30462
1979_151663,1979,algorithm,2.742,3.9499,1.5379,1.9171,2.6586,2.9392,4.0732,47,46,56,102,54,70,77,102,8,18,26,5,21,26,72,98,1.2216333333333331,2.5735333333333337,3.795166666666667,0.4945600000000001,0.7623000000000002,1.2568600000000003,0.2340399999999998,0.9675799999999999,1.2016199999999997
1979_154221,1979,algorithm,2.896,4.0017,1.4736,1.9288,2.7196,3.19,4.0434,52,51,51,102,62,76,85,102,11,17,28,6,15,21,79,100,1.3423466666666666,2.6062200000000004,3.948566666666667,0.55888,0.9071600000000002,1.4660400000000002,0.34731999999999985,0.7538999999999998,1.1012199999999996
1979_161824,1979,algorithm,2.7063,3.8594,1.4888,2.0824,2.5755,2.97,3.9808,53,52,51,103,64,74,82,103,12,12,24,6,17,23,76,99,1.3867066666666665,2.4842266666666664,3.870933333333333,0.6493800000000003,0.56704,1.2164200000000003,0.31369999999999987,0.8368799999999998,1.1505799999999997
1979_175752,1979,algorithm,2.7991,4.0602,1.2763,1.94,2.6436,3.0381,4.2537,43,42,57,99,55,68,76,99,13,16,29,5,18,23,71,94,1.0791866666666667,2.962113333333333,4.0413,0.7240800000000001,0.798,1.52208,0.29035999999999973,0.9670199999999998,1.2573799999999995
1979_177998,1979,algorithm,2.5979,3.5404,1.3748,1.9466,2.5657,2.9791,3.9102,39,38,50,88,49,62,70,87,11,13,24,8,9,17,62,79,1.0841933333333333,2.616773333333333,3.7009666666666665,0.67292,0.5956999999999999,1.2686199999999999,0.4375800000000001,0.49906000000000006,0.9366400000000001
1979_179417,1979,algorithm,2.8215,3.9288,1.3937,1.9985,2.5958,3.1542,3.9288,48,47,53,100,60,72,84,100,13,17,30,7,15,22,77,99,1.1831399999999999,2.56236,3.7455,0.6952600000000002,0.7650799999999998,1.46034,0.39701999999999993,0.6903000000000001,1.08732
1979_190974,1979,algorithm,3.11,4.4545,1.6385,1.9147,3.0131,3.3888,4.4944,51,50,57,107,56,76,84,106,6,22,28,6,21,27,78,105,1.5135133333333333,2.9423200000000005,4.4558333333333335,0.3911800000000001,1.13484,1.5260200000000002,0.32193999999999967,1.05376,1.3756999999999997
1979_194994,1979,algorithm,2.6753,3.6081,1.4277,1.9681,2.5179,2.8609,3.993,50,49,51,100,60,70,77,100,11,13,24,4,14,18,73,91,1.19142,2.5879466666666664,3.7793666666666663,0.6303800000000002,0.65944,1.2898200000000002,0.22861999999999982,0.6985399999999999,0.9271599999999998
1980_200726,1980,algorithm,2.5102,3.5132,1.1793,1.7841,2.2145,2.7927,3.5511,39,38,54,92,52,61,74,91,14,16,30,6,15,21,68,89,1.0661066666666668,2.4357266666666666,3.5018333333333334,0.7001600000000001,0.6641000000000001,1.3642600000000003,0.34277999999999986,0.66336,1.0061399999999998
1980_240025,1980,algorithm,2.9047,4.2262,1.5339,1.7728,2.7435,3.591,4.2906,53,52,56,108,58,77,94,107,6,22,28,14,11,25,80,105,1.40128,2.8458200000000002,4.2471000000000005,0.33410000000000006,1.0735,1.4076,0.7539199999999999,0.5745000000000005,1.3284200000000004
1981_299440,1981,algorithm,2.3964,3.5605,1.3309,1.7954,2.2846,2.9273,3.606,43,42,48,90,53,63,75,89,11,12,23,10,12,22,65,87,1.16676,2.355573333333333,3.5223333333333335,0.55274,0.5601,1.11284,0.5721399999999996,0.58352,1.1556599999999997
1982_1686,1982,algorithm,2.5773,4.2025,1.356,1.7296,2.3668,3.0096,4.2025,57,56,58,114,65,76,89,113,9,15,24,9,23,32,80,112,1.2569733333333333,2.9149599999999998,4.1719333333333335,0.4791400000000001,0.7715000000000001,1.2506400000000002,0.49937999999999994,1.13014,1.6295199999999999
1982_8560,1982,algorithm,2.2809,3.3729,0.9385,1.2096,1.9415,2.7492,3.6106,31,30,57,87,37,51,68,87,7,21,28,10,13,23,58,81,0.7835533333333333,2.7047466666666664,3.4882999999999997,0.36418000000000006,1.0157,1.37988,0.5218400000000001,0.5736399999999997,1.0954799999999998
1982_35833,1982,algorithm,2.6279,3.9191,1.2685,1.7614,2.4554,3.2574,4.0746,48,47,54,101,58,71,85,100,11,16,27,11,11,22,74,96,1.1459666666666668,2.885,4.030966666666666,0.6275,0.7720799999999999,1.3995799999999998,0.6978400000000002,0.5970399999999998,1.29488
1982_37242,1982,algorithm,2.9845,4.1355,1.2875,1.9492,2.9447,3.5689,4.3383,32,31,65,96,44,65,77,96,13,21,34,12,13,25,65,90,0.9342866666666667,3.0981466666666666,4.0324333333333335,0.7800800000000001,0.9632399999999999,1.74332,0.6385399999999999,0.5132200000000005,1.1517600000000003
1982_41728,1982,algorithm,2.3814,3.5853,1.1717,1.7045,2.243,2.6942,3.6687,43,42,54,96,54,65,75,96,12,14,26,7,18,25,68,93,1.00432,2.5259799999999997,3.5303,0.63178,0.6158599999999999,1.2476399999999999,0.3735200000000001,0.8246800000000003,1.1982000000000004
1983_67642,1983,algorithm,2.7158,4.0624,1.3067,1.9759,2.5338,3.0353,4.2615,38,37,65,102,53,64,76,102,16,16,32,7,21,28,69,97,1.1579133333333331,2.949953333333334,4.107866666666667,0.7378199999999999,0.6745000000000001,1.41232,0.3748400000000003,1.0050599999999998,1.3799000000000001
1983_72363,1983,algorithm,2.7894,3.9783,1.517,1.7578,2.6704,3.423,4.0902,49,48,54,102,54,72,86,101,6,20,26,12,12,24,74,98,1.3908133333333335,2.656386666666667,4.0472,0.3379399999999999,0.97736,1.3153,0.6873,0.5057399999999999,1.1930399999999999
1983_90108,1983,algorithm,2.706,4.1339,1.4317,1.8034,2.3135,2.8406,4.1813,47,46,55,101,55,64,75,100,9,17,26,3,23,26,72,98,1.2939866666666666,2.819346666666667,4.113333333333333,0.46642000000000006,0.84764,1.31406,0.18568000000000007,1.2348,1.42048
1984_1301,1984,algorithm,2.4519,3.6675,0.9273,1.5945,2.2206,2.9601,3.9178,30,29,57,86,43,54,68,86,14,16,30,9,12,21,59,80,0.80118,3.0365866666666665,3.8377666666666665,0.78244,0.7968800000000003,1.5793200000000003,0.56548,0.6475399999999998,1.2130199999999998
1984_2208,1984,algorithm,2.4751,3.8406,1.3902,1.7164,2.4201,2.8847,4.015,45,44,54,98,51,65,74,98,7,15,22,8,19,27,66,93,1.25148,2.6851199999999995,3.9366,0.44721999999999995,0.7079,1.15512,0.46229999999999993,0.9010600000000002,1.3633600000000001
1984_2292,1984,algorithm,2.5412,3.9407,1.4223,1.8376,2.3098,3.0646,4.0829,41,40,56,96,49,59,74,96,9,15,24,10,18,28,64,92,1.3055333333333334,2.6557000000000004,3.9612333333333334,0.47707999999999995,0.6453399999999998,1.1224199999999998,0.5765800000000003,0.8225799999999999,1.3991600000000002
1984_2758,1984,algorithm,2.5232,4.2085,1.2398,1.8408,2.4076,3.2322,4.4436,36,35,61,96,47,58,72,96,12,13,25,12,18,30,60,90,1.0545533333333332,3.25068,4.305233333333334,0.71828,0.6207400000000001,1.33902,0.7610399999999999,0.9259599999999999,1.6869999999999998
1984_7894,1984,algorithm,2.6641,3.7677,1.2647,1.5928,2.3796,2.8177,4.0123,40,39,65,104,48,64,75,104,9,23,32,4,21,25,71,96,1.12652,2.7741800000000003,3.9007,0.41246000000000005,1.0205199999999999,1.43298,0.19871999999999979,0.8957400000000004,1.0944600000000002
1984_10690,1984,algorithm,2.6224,3.7184,1.1794,1.6212,2.4498,2.9911,3.944,39,38,62,100,49,67,79,100,11,22,33,8,16,24,71,95,1.0671466666666665,2.7965533333333337,3.8637,0.5342200000000001,0.9470999999999998,1.48132,0.4301400000000002,0.71496,1.1451000000000002
1984_11393,1984,algorithm,2.9919,4.2186,1.7253,1.8884,2.5463,3.227,4.5997,50,49,56,105,54,66,80,105,5,21,26,5,17,22,75,97,1.58726,2.913706666666667,4.500966666666667,0.26370000000000005,1.0419399999999999,1.30564,0.3003,0.9277599999999997,1.2280599999999997
1984_11757,1984,algorithm,2.9123,4.0347,1.6325,1.824,2.5975,3.2896,4.522,47,46,59,105,51,65,80,105,5,21,26,8,14,22,72,94,1.4853933333333333,2.9373733333333334,4.422766666666667,0.3044,1.0352199999999998,1.3396199999999998,0.42955999999999994,0.6896400000000003,1.1192000000000002
1984_19866,1984,algorithm,2.6032,4.2528,1.3064,1.9226,2.4951,3.1189,4.554,39,38,60,98,51,62,74,98,13,13,26,10,19,29,64,93,1.1952466666666666,3.273586666666667,4.468833333333333,0.7170799999999999,0.6274200000000001,1.3445,0.5788199999999999,1.1329000000000002,1.7117200000000001
1984_22088,1984,algorithm,2.5767,3.7408,1.3291,1.9396,2.4155,3.2611,3.9399,43,42,56,98,57,67,84,98,15,13,28,14,9,23,70,93,1.19412,2.6504133333333333,3.8445333333333336,0.70722,0.5813600000000001,1.28858,0.7416399999999999,0.42742000000000013,1.16906
1984_22396,1984,algorithm,2.4824,3.8269,1.0316,1.5209,2.3951,2.8635,4.0943,38,37,68,105,49,67,78,105,12,20,32,9,19,28,69,97,0.90786,3.0998399999999995,4.0077,0.5931799999999999,0.9007999999999998,1.4939799999999996,0.4337000000000004,0.9104999999999999,1.3442000000000003
1984_27397,1984,algorithm,2.4836,3.9416,1.2892,1.7139,2.3016,2.9219,4.2411,43,42,64,106,51,63,77,106,9,16,25,10,21,31,67,98,1.2168333333333332,2.9409333333333336,4.157766666666666,0.4744999999999999,0.7110800000000002,1.18558,0.5000999999999998,0.9606600000000003,1.46076
1984_32306,1984,algorithm,2.2887,3.69,1.1851,1.699,2.1655,3.0927,3.8588,42,41,61,102,54,65,85,102,13,14,27,17,12,29,68,97,1.0941133333333333,2.696086666666667,3.7902,0.5920000000000001,0.54688,1.1388800000000001,0.8635199999999998,0.5353600000000003,1.3988800000000001
1984_33148,1984,algorithm,2.5427,4.1904,1.3178,1.9037,2.4055,3.6102,4.3988,39,38,56,94,50,59,79,94,12,11,23,18,10,28,61,89,1.18564,3.1190266666666666,4.304666666666667,0.6896800000000001,0.5726600000000002,1.2623400000000002,1.1399,0.5181399999999998,1.6580399999999997
1984_35068,1984,algorithm,2.2014,3.2443,1.3235,1.4291,2.0896,2.7665,3.2462,37,36,39,75,39,51,64,74,3,14,17,11,9,20,53,73,1.2462666666666666,1.9651666666666667,3.2114333333333334,0.1639600000000001,0.7073599999999998,0.8713199999999999,0.61782,0.43420000000000014,1.0520200000000002
1984_44835,1984,algorithm,2.5444,3.8639,1.4618,1.968,2.4316,3.371,4.0566,42,41,57,98,54,64,83,98,13,12,25,17,10,27,66,93,1.3237266666666667,2.6220066666666666,3.945733333333333,0.59344,0.5224799999999998,1.1159199999999998,0.87364,0.4511200000000004,1.3247600000000004
1984_48047,1984,algorithm,2.3132,3.7106,1.4922,1.6192,2.1707,2.8687,3.9285,46,45,52,97,49,60,74,97,4,14,18,11,17,28,63,91,1.3586799999999999,2.4661866666666667,3.824866666666667,0.22014,0.6385400000000001,0.8586800000000001,0.6109,0.7827799999999998,1.3936799999999998
1984_49758,1984,algorithm,2.531,4.006,1.3631,1.6911,2.3205,3.1907,4.1501,40,39,59,98,47,60,78,98,8,18,26,13,16,29,65,94,1.2394866666666666,2.82238,4.061866666666666,0.42356000000000016,0.7864200000000001,1.2099800000000003,0.7221199999999999,0.7585600000000001,1.48068
1984_51437,1984,algorithm,3.0352,4.5708,1.401,2.1915,2.8683,3.3935,4.8945,41,40,61,101,54,65,75,100,14,14,28,7,18,25,68,93,1.2705733333333333,3.5653266666666665,4.8359,0.8910199999999999,0.7768999999999999,1.6679199999999998,0.4288400000000001,1.1095000000000002,1.5383400000000003
1984_51484,1984,algorithm,2.6658,3.9911,1.5907,1.7841,2.3383,2.9274,4.3145,52,51,55,106,56,66,79,106,5,17,22,6,19,25,73,98,1.4713333333333332,2.7602666666666673,4.2316,0.2907400000000002,0.82666,1.1174000000000002,0.32211999999999996,1.0110800000000002,1.3332000000000002
1984_58654,1984,algorithm,2.4152,3.8787,1.3289,1.5564,2.1915,2.807,4.0236,41,40,57,97,46,59,72,97,6,18,24,8,21,29,64,93,1.1834533333333332,2.7176133333333334,3.9010666666666665,0.31406,0.7998999999999998,1.1139599999999998,0.44745999999999997,1.0175400000000003,1.4650000000000003
1984_60986,1984,algorithm,2.3305,3.7887,1.0922,1.6308,2.2603,2.6927,3.9745,37,36,62,98,49,64,73,98,13,16,29,8,21,29,65,94,0.9620000000000001,2.8697,3.8317,0.5777999999999999,0.65266,1.2304599999999999,0.4180799999999998,1.0884,1.5064799999999998
1984_70021,1984,algorithm,2.6787,4.2048,1.5469,1.7706,2.3318,2.9346,4.347,49,48,55,103,53,63,75,102,5,17,22,5,23,28,70,98,1.42104,2.876426666666667,4.297466666666667,0.31343999999999994,0.8585199999999997,1.1719599999999997,0.3128200000000003,1.2085199999999996,1.52134
1984_76780,1984,algorithm,2.7424,3.8842,1.3295,2.0729,2.3157,3.2943,4.0528,45,44,59,103,60,65,86,103,16,14,30,12,12,24,74,98,1.2136799999999999,2.746686666666667,3.9603666666666673,0.8287800000000001,0.6181399999999999,1.44692,0.6043000000000003,0.53586,1.1401600000000003
1984_79547,1984,algorithm,2.4249,3.7142,1.0674,1.8941,2.2979,2.8003,4.0649,35,34,61,95,53,61,70,95,19,10,29,7,17,24,63,87,0.9412133333333332,3.0318533333333333,3.9730666666666665,0.9227799999999999,0.47897999999999996,1.40176,0.43698000000000015,0.8546,1.2915800000000002
1984_80286,1984,algorithm,2.5921,3.7904,1.4373,2.007,2.3873,2.9036,3.9535,44,43,56,99,57,65,77,99,14,13,27,7,17,24,70,94,1.2797066666666668,2.55556,3.8352666666666666,0.6730800000000001,0.5291799999999998,1.2022599999999999,0.3668999999999998,0.8282400000000001,1.1951399999999999
1984_83045,1984,algorithm,2.8353,3.9922,1.3541,2.0274,2.5869,3.1375,4.032,46,45,60,105,59,70,82,104,14,16,30,7,21,28,75,103,1.2185400000000002,2.7463933333333337,3.9649333333333336,0.7624199999999999,0.7504,1.5128199999999998,0.35538000000000025,0.8407800000000001,1.1961600000000003
1984_83675,1984,algorithm,3.1626,4.5903,1.4922,2.1783,2.8952,3.5581,4.6566,39,38,55,93,50,62,74,92,12,18,30,6,16,22,68,90,1.2831866666666667,3.2135466666666668,4.496733333333333,0.7453600000000002,0.97356,1.7189200000000002,0.41934000000000005,0.9674799999999997,1.3868199999999997
1984_84756,1984,algorithm,2.9102,4.2904,1.4409,1.9793,2.7168,3.2477,4.48,46,45,60,105,56,70,81,105,11,18,29,7,19,26,74,100,1.32156,3.071073333333333,4.392633333333333,0.63896,0.8730199999999999,1.5119799999999999,0.3963800000000002,0.9807200000000003,1.3771000000000004
1984_86780,1984,algorithm,2.9594,4.4628,1.5925,1.9703,2.6845,3.233,4.7472,46,45,58,103,53,65,76,103,8,17,25,6,21,27,70,97,1.434753333333333,3.1986800000000004,4.6334333333333335,0.50136,0.9158400000000002,1.4172000000000002,0.3433799999999998,1.1697800000000003,1.51316
1984_87914,1984,algorithm,3.3389,4.577,1.6457,2.2904,3.0886,3.8906,4.8765,50,49,54,103,59,72,85,103,10,17,27,9,11,20,76,96,1.56612,3.2111800000000006,4.7773,0.70452,0.9732000000000003,1.6777200000000003,0.6239199999999996,0.6194600000000001,1.2433799999999997
1984_88607,1984,algorithm,2.7361,4.1638,1.3519,1.879,2.3701,3.4919,4.3192,37,36,59,95,47,56,78,95,11,17,28,14,14,28,64,92,1.20566,3.0086733333333333,4.214333333333333,0.6356000000000002,0.80168,1.4372800000000001,0.8157000000000001,0.6592999999999996,1.4749999999999996
1984_97517,1984,algorithm,3.2334,4.7524,1.5152,2.1752,2.8275,3.4707,4.9058,47,46,65,111,58,69,82,111,12,20,32,4,25,29,78,107,1.4434133333333332,3.382853333333334,4.826266666666667,0.7121600000000001,1.05016,1.76232,0.2433399999999999,1.2639800000000005,1.5073200000000004
1984_97720,1984,algorithm,2.6833,3.8875,1.1643,1.8394,2.4861,3.408,4.0113,37,36,59,95,52,65,82,94,16,17,33,13,8,21,69,90,1.0373933333333332,2.9178066666666664,3.9551999999999996,0.7754400000000001,0.7841199999999997,1.5595599999999998,0.7932800000000002,0.4104000000000001,1.2036800000000003
1984_98288,1984,algorithm,2.5537,4.0647,1.3802,1.9698,2.3527,3.0976,4.2789,42,41,60,101,53,61,77,101,12,14,26,10,18,28,67,95,1.24318,2.9447200000000002,4.1879,0.6898200000000001,0.5789599999999999,1.26878,0.5542000000000002,0.9115199999999994,1.4657199999999997
1985_103011,1985,algorithm,2.6282,3.9404,1.316,1.9076,2.5049,2.9923,4.1149,46,45,54,99,57,68,77,99,12,13,25,7,17,24,70,94,1.1957666666666666,2.8255666666666666,4.021333333333333,0.7053,0.6448400000000001,1.3501400000000001,0.42184,0.8900600000000001,1.3119
1985_119643,1985,algorithm,2.679,3.8089,1.1793,1.8102,2.5368,3.1136,3.8626,39,38,57,95,51,66,78,94,13,18,31,9,14,23,69,92,1.0459133333333335,2.77182,3.8177333333333334,0.7258800000000001,0.82386,1.5497400000000001,0.4827999999999997,0.6540000000000004,1.1368
1985_127037,1985,algorithm,2.8607,4.4588,1.4768,2.1896,2.4891,3.3801,4.522,44,43,58,101,58,63,79,100,15,12,27,9,19,28,70,98,1.3427,3.124733333333334,4.467433333333334,0.8118599999999998,0.6050800000000001,1.4169399999999999,0.5950600000000001,1.0090399999999997,1.6040999999999999
1985_170569,1985,algorithm,2.9409,4.3042,1.3387,1.9364,2.5597,3.4513,4.5677,42,41,65,106,54,67,84,106,13,20,33,10,17,27,74,101,1.2131399999999999,3.2225266666666665,4.435666666666666,0.6490600000000002,0.95286,1.6019200000000002,0.5748399999999996,0.8426800000000001,1.4175199999999997
1985_188588,1985,algorithm,2.5409,3.58,1.388,1.388,1.972,2.7248,3.616,45,44,55,99,46,57,74,98,2,23,25,5,22,27,69,96,1.25514,2.314093333333333,3.569233333333333,0.12428000000000017,1.0786999999999998,1.20298,0.22794000000000025,0.81758,1.0455200000000002
1985_193376,1985,algorithm,3.2521,4.7804,1.3406,1.497,2.6756,3.4398,4.8192,43,42,69,111,46,67,82,110,4,32,36,4,27,31,78,109,1.2155933333333333,3.553106666666667,4.7687,0.24690000000000012,1.7039,1.9508,0.24296000000000006,1.3181800000000004,1.5611400000000004
